,CDB001_Mains-,CDB001_Mains,CDB001_PV,CDB001_PV-,CDB002_Mains,CDB002_Mains-,CDB002_PV,CDB002_PV-,CDB003_main-,CDB003_main,CDB003_PV,CDB003_PV-,CDB004_Mains L1,CDB004_Mains L1-,CDB005_main black-,CDB005_main black,CDB005_main blue,CDB005_main blue-,CDB005_main red-,CDB005_main red,CDB006_Main,CDB006_Main-,CDB006_PV-,CDB006_PV,CDB008_Main,CDB008_Main-,CDB009_Main,CDB009_Main-,CDB009_PV,CDB009_PV-,CDB011_Mains phase 1-,CDB011_Mains phase 1,CDB011_Mains phase 2-,CDB011_Mains phase 2,CDB011_Mains phase 3-,CDB011_Mains phase 3,CDB012_Phase L1-,CDB012_Phase L1,CDB012_Phase L2,CDB012_Phase L2-,CDB012_Phase L3,CDB012_Phase L3-,CDB012_PV sur phase L1,CDB012_PV sur phase L1-,CDB012_PV sur phase L2,CDB012_PV sur phase L2-,CDB014_Phase L1-,CDB014_Phase L1,CDB014_Phase L2,CDB014_Phase L2-,CDB014_Phase L3,CDB014_Phase L3-,CDB016_Mains phase 1-,CDB016_Mains phase 1,CDB017_Mains Phase L3,CDB017_Mains Phase L3-,CDB017_PV sur phase L1,CDB017_PV sur phase L1-,CDB017_PV sur phase L2,CDB017_PV sur phase L2-,CDB019_Phase L1,CDB019_Phase L1-,P_cons,P_prod,P_tot
2021-12-16 22:16:00+01:00,0.0,0.0,0.0,0.0,0.0,0.0,0.0,0.0,,,,,0.0,0.0,,,,,,,,,,,,,,,,,,,,,,,,,,,,,,,,,0.0,0.0,0.0,0.0,0.0,0.0,,,0.0,0.0,0.0,0.0,0.0,0.0,,,0.0,0.0,0.0
2021-12-16 22:16:08+01:00,0.0,0.0,0.0,0.0,0.0,0.0,0.0,0.0,0.0,0.0,0.0,0.0,0.0,0.0,0.0,0.0,0.0,0.0,0.0,0.0,0.0,0.0,0.0,0.0,0.0,0.0,0.0,0.0,0.0,0.0,0.0,0.0,0.0,0.0,0.0,0.0,0.0,0.0,0.0,0.0,0.0,0.0,0.0,0.0,0.0,0.0,0.0,0.0,0.0,0.0,0.0,0.0,0.0,0.0,0.0,0.0,0.0,0.0,0.0,0.0,0.0,0.0,0.0,0.0,0.0
2021-12-16 22:16:16+01:00,0.0,0.0,0.0,0.0,0.0,0.0,0.0,0.0,0.0,1057.0000000298023,10.999999998603016,0.0,0.0,0.0,0.0,227.00000001350418,309.0000000083819,0.0,0.0,41.00000000107684,358.0000000074506,0.0,0.0,9.99999999839929,390.00000001396984,0.0,381.9999999832362,0.0,1.9999999999527063,0.0,0.0,36.00000002188608,0.0,64.00000001303852,27.000000001862645,0.0,0.0,618.0000000167638,141.99999999254942,0.0,472.99999999813735,0.0,0.0,0.9999999999763531,1.9999999999527063,0.0,0.0,0.0,0.0,0.0,0.0,0.0,0.0,253.00000002607703,0.0,0.0,0.0,0.0,0.0,0.0,582.9999999841675,0.0,4540.0000000911405,414.0000000109012,4906.000000108179
2021-12-16 22:16:24+01:00,0.0,0.0,0.0,0.0,0.0,0.0,0.0,0.0,0.0,880.0000000046566,10.999999998603016,0.0,0.0,0.0,0.0,225.00000000582077,309.9999999976717,0.0,0.0,43.000000001484295,360.0000001024455,0.0,0.0,9.99999999839929,383.00000003073364,0.0,368.99999994784594,0.0,1.0000000002037268,0.0,0.0,38.00000000046566,0.0,70.99999999627471,32.99999999580905,0.0,0.0,618.9999999478459,140.00000001396984,0.0,475.00000009313226,0.0,0.0,0.9999999999763531,0.9999999999763531,0.0,0.0,0.0,0.0,0.0,0.0,0.0,0.0,255.0000000046566,0.0,0.0,0.0,0.0,0.0,0.0,570.9999999962747,0.0,4345.0000001139415,405.0000000279397,4706.000000147469
2021-12-16 22:16:32+01:00,0.0,0.0,0.0,0.0,0.0,0.0,0.0,0.0,0.0,1081.000000005588,10.999999998603016,0.0,0.0,0.0,0.0,201.9999999902211,306.0000000114087,0.0,0.0,62.999999998282874,358.0000000074506,0.0,0.0,8.999999998195563,368.0000000167638,0.0,354.0000000502914,0.0,1.0000000002037268,0.0,0.0,36.00000002188608,0.0,70.00000000698492,32.99999999580905,0.0,0.0,618.9999999478459,141.99999999254942,0.0,472.99999999813735,0.0,0.0,1.9999999999527063,1.9999999999527063,0.0,0.0,0.0,0.0,0.0,0.0,0.0,0.0,253.99999995715916,0.0,0.0,0.0,0.0,0.0,0.0,569.0000000176951,0.0,4515.000000006694,389.0000000137661,4862.000000026455
2021-12-16 22:16:40+01:00,0.0,0.0,0.0,0.0,0.0,0.0,0.0,0.0,0.0,871.999999973923,10.999999998603016,0.0,0.0,0.0,0.0,163.99999998975545,303.0000000144355,0.0,0.0,98.00000000177533,358.0000000074506,0.0,0.0,9.99999999839929,359.99999998603016,0.0,348.9999999292195,0.0,1.0000000002037268,0.0,0.0,43.000000005122274,0.0,76.00000000093132,33.999999999650754,0.0,0.0,618.9999999478459,141.00000000325963,0.0,473.9999999292195,0.0,0.0,0.9999999999763531,1.9999999999527063,0.0,0.0,0.0,0.0,0.0,0.0,0.0,0.0,251.99999997857958,0.0,0.0,0.0,0.0,0.0,0.0,589.9999999674037,0.0,4327.999999746453,382.99999998321255,4664.999999735301
2021-12-16 22:16:48+01:00,0.0,0.0,0.0,0.0,0.0,0.0,0.0,0.0,0.0,1023.9999999757856,10.999999998603016,0.0,0.0,0.0,0.0,163.99999998975545,304.0000000037253,0.0,0.0,98.99999999834108,358.9999999385327,0.0,0.0,8.999999998195563,361.0000000335276,0.0,354.0000000502914,0.0,1.0000000002037268,0.0,0.0,53.0000000144355,0.0,87.99999998882413,32.99999999580905,0.0,0.0,618.0000000167638,141.99999999254942,0.0,472.99999999813735,0.0,0.0,1.9999999999527063,1.9999999999527063,0.0,0.0,0.0,0.0,0.0,0.0,0.0,0.0,253.00000002607703,0.0,0.0,0.0,0.0,0.0,0.0,604.9999999813735,0.0,4523.999999975786,382.0000000305299,4864.000000012311
2021-12-16 22:16:56+01:00,0.0,0.0,0.0,0.0,0.0,0.0,0.0,0.0,0.0,917.0000000158325,11.999999998806743,0.0,0.0,0.0,0.0,163.00000000046566,303.0000000144355,0.0,0.0,98.00000000177533,360.0000001024455,0.0,0.0,9.99999999839929,356.99999995995313,0.0,355.9999999124557,0.0,1.0000000002037268,0.0,0.0,43.000000005122274,0.0,76.00000000093132,32.99999999580905,0.0,0.0,620.0000001117587,141.99999999254942,0.0,473.9999999292195,0.0,0.0,1.9999999999527063,0.9999999999763531,0.0,0.0,0.0,0.0,0.0,0.0,0.0,0.0,251.99999997857958,0.0,0.0,0.0,0.0,0.0,0.0,601.9999999552965,0.0,4395.000000022492,378.99999995738654,4729.9999999850115
2021-12-16 22:17:04+01:00,0.0,0.0,0.0,0.0,0.0,0.0,0.0,0.0,0.0,1008.0000000307336,9.99999999839929,0.0,0.0,0.0,0.0,160.99999999278225,301.0000000067521,0.0,0.0,98.99999999834108,358.9999999385327,0.0,0.0,8.999999998195563,359.00000005494803,0.0,351.9999999552965,0.0,1.9999999999527063,0.0,0.0,37.00000001117587,0.0,69.00000001769513,32.00000000651926,0.0,0.0,617.0000000856817,140.00000001396984,0.0,473.9999999292195,0.0,0.0,1.9999999999527063,1.9999999999527063,0.0,0.0,0.0,0.0,0.0,0.0,0.0,0.0,251.99999997857958,0.0,0.0,0.0,0.0,0.0,0.0,606.000000028871,0.0,4463.999999977659,380.0000000514956,4802.00000003606
2021-12-16 22:17:12+01:00,0.0,0.0,0.0,0.0,0.0,0.0,0.0,0.0,0.0,935.9999999869615,10.999999998603016,0.0,0.0,0.0,0.0,159.00000001420267,298.0000000097789,0.0,0.0,98.00000000177533,358.0000000074506,0.0,0.0,9.99999999839929,375.0,0.0,355.9999999124557,0.0,1.0000000002037268,0.0,0.0,36.00000002188608,0.0,63.000000023748726,25.99999999802094,0.0,0.0,618.0000000167638,141.00000000325963,0.0,475.00000009313226,0.0,0.0,1.9999999999527063,0.9999999999763531,0.0,0.0,0.0,0.0,0.0,0.0,0.0,0.0,251.99999997857958,0.0,0.0,0.0,0.0,0.0,0.0,606.000000028871,0.0,4391.000000098074,395.9999999972297,4745.000000100845
2021-12-16 22:17:20+01:00,0.0,0.0,0.0,0.0,0.0,0.0,0.0,0.0,0.0,964.9999999674037,10.999999998603016,0.0,0.0,0.0,0.0,157.99999999580905,298.0000000097789,0.0,0.0,98.00000000177533,358.0000000074506,0.0,0.0,8.999999998195563,413.99999998975545,0.0,351.9999999552965,0.0,1.0000000002037268,0.0,0.0,37.00000001117587,0.0,61.999999976251274,24.999999994179234,0.0,0.0,617.0000000856817,141.00000000325963,0.0,472.0000000670552,0.0,0.0,1.9999999999527063,1.9999999999527063,0.0,0.0,0.0,0.0,0.0,0.0,0.0,0.0,251.00000004749745,0.0,0.0,0.0,0.0,0.0,0.0,604.9999999813735,0.0,4410.000000112632,434.99999998675776,4803.000000105385
2021-12-16 22:17:28+01:00,0.0,0.0,0.0,0.0,0.0,0.0,0.0,0.0,0.0,996.999999973923,10.999999998603016,0.0,0.0,0.0,0.0,157.99999999580905,298.0000000097789,0.0,0.0,99.99999999854481,358.0000000074506,0.0,0.0,9.99999999839929,395.00000001862645,0.0,354.0000000502914,0.0,1.9999999999527063,0.0,0.0,36.00000002188608,0.0,61.999999976251274,24.999999994179234,0.0,0.0,617.0000000856817,141.00000000325963,0.0,472.99999999813735,0.0,0.0,0.9999999999763531,1.9999999999527063,0.0,0.0,0.0,0.0,0.0,0.0,0.0,0.0,253.00000002607703,0.0,0.0,0.0,0.0,0.0,0.0,604.9999999813735,0.0,4451.000000131216,419.0000000155578,4822.0000001529115
2021-12-16 22:17:36+01:00,0.0,0.0,0.0,0.0,0.0,0.0,0.0,0.0,0.0,920.9999999729916,10.999999998603016,0.0,0.0,0.0,0.0,155.99999998812564,296.0000000020955,0.0,0.0,98.00000000177533,357.00000007636845,0.0,0.0,8.999999998195563,393.00000004004687,0.0,351.0000000242144,0.0,1.0000000002037268,0.0,0.0,39.99999997904524,0.0,65.9999999916181,24.999999994179234,0.0,0.0,618.0000000167638,141.99999999254942,0.0,472.99999999813735,0.0,0.0,0.9999999999763531,1.9999999999527063,0.0,0.0,0.0,0.0,0.0,0.0,0.0,0.0,253.00000002607703,0.0,0.0,0.0,0.0,0.0,0.0,574.0000000223517,0.0,4342.000000094913,415.00000003702553,4713.000000137981
2021-12-16 22:17:44+01:00,0.0,0.0,0.0,0.0,0.0,0.0,0.0,0.0,0.0,1484.9999999860302,10.999999998603016,0.0,0.0,0.0,0.0,154.99999999883585,293.0000000051223,0.0,0.0,98.00000000177533,355.9999999124557,0.0,0.0,9.99999999839929,373.0000000214204,0.0,358.0000000074506,0.0,1.0000000002037268,0.0,0.0,43.000000005122274,0.0,68.00000002840534,25.99999999802094,0.0,0.0,618.0000000167638,139.00000002468005,0.0,475.00000009313226,0.0,0.0,0.9999999999763531,0.9999999999763531,0.0,0.0,0.0,0.0,0.0,0.0,0.0,0.0,253.00000002607703,0.0,0.0,0.0,0.0,0.0,0.0,667.9999999469146,0.0,5005.00000005195,395.00000001862645,5356.000000076165
2021-12-16 22:17:52+01:00,0.0,0.0,0.0,0.0,0.0,0.0,0.0,0.0,0.0,1981.9999999599531,10.999999998603016,0.0,0.0,0.0,0.0,154.99999999883585,295.0000000128057,0.0,0.0,98.99999999834108,354.0000000502914,0.0,0.0,8.999999998195563,366.99999996926636,0.0,351.0000000242144,0.0,1.0000000002037268,0.0,0.0,38.00000000046566,0.0,64.00000001303852,24.999999994179234,0.0,0.0,622.9999999050051,143.999999971129,0.0,473.9999999292195,0.0,0.0,0.9999999999763531,1.9999999999527063,0.0,0.0,0.0,0.0,0.0,0.0,0.0,0.0,253.00000002607703,0.0,0.0,0.0,0.0,0.0,0.0,689.0000000130385,0.0,5517.999999905214,388.999999966245,5862.999999877502
2021-12-16 22:18:00+01:00,0.0,0.0,0.0,0.0,0.0,0.0,0.0,0.0,0.0,1971.0000000195578,10.999999998603016,0.0,0.0,0.0,0.0,154.00000000954606,293.0000000051223,0.0,0.0,98.00000000177533,357.00000007636845,0.0,0.0,9.99999999839929,359.00000005494803,0.0,354.0000000502914,0.0,1.9999999999527063,0.0,0.0,37.00000001117587,0.0,61.999999976251274,25.99999999802094,0.0,0.0,615.9999999217689,140.00000001396984,0.0,472.99999999813735,0.0,0.0,0.9999999999763531,1.9999999999527063,0.0,0.0,0.0,0.0,0.0,0.0,0.0,0.0,251.00000004749745,0.0,0.0,0.0,0.0,0.0,0.0,660.9999999636784,0.0,5465.000000094051,383.0000000518794,5800.0000001520675
2021-12-16 22:18:08+01:00,0.0,0.0,0.0,0.0,0.0,0.0,0.0,0.0,0.0,1974.999999976717,9.99999999839929,0.0,0.0,0.0,0.0,157.00000000651926,298.9999999990687,0.0,0.0,101.99999999895226,1030.0000000279397,0.0,0.0,9.99999999839929,363.9999999431893,0.0,354.99999998137355,0.0,1.0000000002037268,0.0,0.0,37.00000001117587,0.0,63.000000023748726,24.999999994179234,0.0,0.0,618.9999999478459,140.00000001396984,0.0,476.0000000242144,0.0,0.0,0.9999999999763531,1.9999999999527063,0.0,0.0,0.0,0.0,0.0,0.0,0.0,0.0,253.00000002607703,0.0,0.0,0.0,0.0,0.0,0.0,650.9999999543652,0.0,6153.999999994767,385.999999940168,6495.999999940977
2021-12-16 22:18:16+01:00,0.0,0.0,0.0,0.0,0.0,0.0,0.0,0.0,0.0,2005.0000000046566,11.999999998806743,0.0,0.0,0.0,0.0,152.99999999115244,288.99999998975545,0.0,0.0,95.00000000116415,4870.000000111759,0.0,0.0,10.999999998603016,381.00000005215406,0.0,347.0000000670552,0.0,1.0000000002037268,0.0,0.0,36.00000002188608,0.0,60.999999986961484,24.999999994179234,0.0,0.0,622.9999999050051,141.00000000325963,0.0,476.9999999552965,0.0,0.0,0.9999999999763531,0.9999999999763531,0.0,0.0,0.0,0.0,0.0,0.0,0.0,0.0,253.99999995715916,0.0,0.0,0.0,0.0,0.0,0.0,619.9999999953434,0.0,9969.999999993888,405.00000004976755,10327.000000048429
2021-12-16 22:18:24+01:00,0.0,0.0,0.0,0.0,0.0,0.0,0.0,0.0,0.0,1988.0000000121072,10.999999998603016,0.0,0.0,0.0,0.0,152.00000000186265,296.0000000020955,0.0,0.0,101.99999999895226,4851.000000024214,0.0,0.0,8.999999998195563,393.00000004004687,0.0,317.00000003911555,0.0,1.0000000002037268,0.0,0.0,37.00000001117587,0.0,63.000000023748726,25.99999999802094,0.0,0.0,618.9999999478459,142.9999999818392,0.0,472.99999999813735,0.0,0.0,0.9999999999763531,1.9999999999527063,0.0,0.0,0.0,0.0,0.0,0.0,0.0,0.0,251.00000004749745,0.0,0.0,0.0,0.0,0.0,0.0,626.9999999785796,0.0,9915.00000006613,415.00000003702553,10286.000000109198
2021-12-16 22:18:32+01:00,0.0,0.0,0.0,0.0,0.0,0.0,0.0,0.0,0.0,2005.0000000046566,11.999999998806743,0.0,0.0,0.0,0.0,151.00000001257285,291.99999998672865,0.0,0.0,99.99999999854481,4833.000000100583,0.0,0.0,8.999999998195563,386.9999999878928,0.0,313.0000000819564,0.0,1.0000000002037268,0.0,0.0,37.00000001117587,0.0,63.000000023748726,24.999999994179234,0.0,0.0,617.0000000856817,140.00000001396984,0.0,472.99999999813735,0.0,0.0,0.9999999999763531,1.9999999999527063,0.0,0.0,0.0,0.0,0.0,0.0,0.0,0.0,251.00000004749745,0.0,0.0,0.0,0.0,0.0,0.0,633.0000000307336,0.0,9906.00000039899,409.9999999850752,10270.0000003897
2021-12-16 22:18:40+01:00,0.0,0.0,0.0,0.0,0.0,0.0,0.0,0.0,0.0,2006.000000052154,10.999999998603016,0.0,0.0,0.0,0.0,151.00000001257285,291.99999998672865,0.0,0.0,99.99999999854481,4709.999999962747,0.0,0.0,9.99999999839929,398.0000000447035,0.0,313.0000000819564,0.0,1.9999999999527063,0.0,0.0,37.00000001117587,0.0,61.999999976251274,24.999999994179234,0.0,0.0,618.9999999478459,143.999999971129,0.0,472.99999999813735,0.0,0.0,0.9999999999763531,1.9999999999527063,0.0,0.0,0.0,0.0,0.0,0.0,0.0,0.0,251.99999997857958,0.0,0.0,0.0,0.0,0.0,0.0,653.9999999804422,0.0,9811.999999961017,422.00000004163485,10186.00000000879
2021-12-16 22:18:48+01:00,0.0,0.0,0.0,0.0,0.0,0.0,0.0,0.0,0.0,2072.000000043772,10.999999998603016,0.0,0.0,0.0,0.0,149.99999999417923,290.99999999743886,0.0,0.0,98.99999999834108,4696.999999927357,0.0,0.0,8.999999998195563,395.9999999497086,0.0,314.0000000130385,0.0,1.0000000002037268,0.0,0.0,37.00000001117587,0.0,61.999999976251274,25.99999999802094,0.0,0.0,618.0000000167638,141.00000000325963,0.0,473.9999999292195,0.0,0.0,1.9999999999527063,0.9999999999763531,0.0,0.0,0.0,0.0,0.0,0.0,0.0,0.0,251.00000004749745,0.0,0.0,0.0,0.0,0.0,0.0,648.0000000447035,0.0,9848.000000002003,415.99999994673453,10223.999999954685
2021-12-16 22:18:56+01:00,0.0,0.0,0.0,0.0,0.0,0.0,0.0,0.0,0.0,2052.999999956228,10.999999998603016,0.0,0.0,0.0,0.0,149.99999999417923,290.0000000081491,0.0,0.0,99.99999999854481,4692.999999970198,0.0,0.0,8.999999998195563,390.00000001396984,0.0,310.9999999869615,0.0,1.0000000002037268,0.0,0.0,36.00000002188608,0.0,63.000000023748726,24.999999994179234,0.0,0.0,618.0000000167638,140.00000001396984,0.0,473.9999999292195,0.0,0.0,1.9999999999527063,1.9999999999527063,0.0,0.0,0.0,0.0,0.0,0.0,0.0,0.0,253.00000002607703,0.0,0.0,0.0,0.0,0.0,0.0,636.0000000568107,0.0,9813.000000005559,411.00000001097214,10182.000000022526
2021-12-16 22:19:04+01:00,0.0,0.0,0.0,0.0,0.0,0.0,0.0,0.0,0.0,2234.99999998603,10.999999998603016,0.0,0.0,0.0,0.0,149.99999999417923,293.99999999441206,0.0,0.0,101.99999999895226,4692.000000039116,0.0,0.0,8.999999998195563,393.999999971129,0.0,314.0000000130385,0.0,1.9999999999527063,0.0,0.0,37.00000001117587,0.0,63.000000023748726,25.99999999802094,0.0,0.0,620.0000001117587,143.999999971129,0.0,473.9999999292195,0.0,0.0,1.9999999999527063,1.9999999999527063,0.0,0.0,0.0,0.0,0.0,0.0,0.0,0.0,251.99999997857958,0.0,0.0,0.0,0.0,0.0,0.0,636.0000000568107,0.0,10009.00000010688,415.9999999678803,10381.000000081258
2021-12-16 22:19:12+01:00,0.0,0.0,0.0,0.0,0.0,0.0,0.0,0.0,0.0,1991.9999999692664,10.999999998603016,0.0,0.0,0.0,0.0,149.00000000488944,293.0000000051223,0.0,0.0,101.99999999895226,4693.99999990128,0.0,0.0,8.999999998195563,393.00000004004687,0.0,330.0000000745058,0.0,1.0000000002037268,0.0,0.0,37.00000001117587,0.0,61.999999976251274,24.999999994179234,0.0,0.0,618.0000000167638,141.00000000325963,0.0,472.99999999813735,0.0,0.0,1.9999999999527063,0.9999999999763531,0.0,0.0,0.0,0.0,0.0,0.0,0.0,0.0,250.0,0.0,0.0,0.0,0.0,0.0,0.0,636.0000000568107,0.0,9772.000000019261,413.0000000370728,10145.000000062282
2021-12-16 22:19:20+01:00,0.0,0.0,0.0,0.0,0.0,0.0,0.0,0.0,0.0,2006.9999999832362,10.999999998603016,0.0,0.0,0.0,0.0,149.00000000488944,293.0000000051223,0.0,0.0,101.99999999895226,4686.999999918044,0.0,0.0,8.999999998195563,366.0000000381842,0.0,327.9999999795109,0.0,1.0000000002037268,0.0,0.0,36.00000002188608,0.0,61.999999976251274,24.999999994179234,0.0,0.0,614.9999999906868,141.00000000325963,0.0,472.0000000670552,0.0,0.0,1.9999999999527063,1.9999999999527063,0.0,0.0,0.0,0.0,0.0,0.0,0.0,0.0,251.00000004749745,0.0,0.0,0.0,0.0,0.0,0.0,640.0000000139698,0.0,9779.000000013184,387.00000003518653,10124.000000054366
2021-12-16 22:19:28+01:00,0.0,0.0,0.0,0.0,0.0,0.0,0.0,0.0,0.0,1998.0000000214204,10.999999998603016,0.0,0.0,0.0,0.0,147.99999998649582,290.0000000081491,0.0,0.0,99.99999999854481,4685.9999999869615,0.0,0.0,8.999999998195563,354.99999998137355,0.0,323.0000000912696,0.0,1.0000000002037268,0.0,0.0,36.00000002188608,0.0,63.000000023748726,25.99999999802094,0.0,0.0,620.0000001117587,142.9999999818392,0.0,472.99999999813735,0.0,0.0,1.9999999999527063,0.9999999999763531,0.0,0.0,0.0,0.0,0.0,0.0,0.0,0.0,251.99999997857958,0.0,0.0,0.0,0.0,0.0,0.0,660.9999999636784,0.0,9787.000000171474,374.9999999783995,10122.000000155822
2021-12-16 22:19:36+01:00,0.0,0.0,0.0,0.0,0.0,0.0,0.0,0.0,0.0,1984.9999999860302,10.999999998603016,0.0,0.0,0.0,0.0,149.00000000488944,290.0000000081491,0.0,0.0,99.99999999854481,4686.999999918044,0.0,0.0,9.99999999839929,356.000000028871,0.0,325.999999884516,0.0,1.9999999999527063,0.0,0.0,37.00000001117587,0.0,61.999999976251274,24.999999994179234,0.0,0.0,618.9999999478459,142.9999999818392,0.0,472.99999999813735,0.0,0.0,1.9999999999527063,1.9999999999527063,0.0,0.0,0.0,0.0,0.0,0.0,0.0,0.0,250.0,0.0,0.0,0.0,0.0,0.0,0.0,658.0000000540167,0.0,9776.999999772215,379.000000025826,10109.999999804131
2021-12-16 22:19:44+01:00,0.0,0.0,0.0,0.0,0.0,0.0,0.0,0.0,0.0,1974.0000000456348,10.999999998603016,0.0,0.0,0.0,0.0,147.99999998649582,288.00000000046566,0.0,0.0,98.99999999834108,4691.000000108033,0.0,0.0,8.000000001629815,388.00000003539026,0.0,323.0000000912696,0.0,1.0000000002037268,0.0,0.0,36.00000002188608,0.0,63.000000023748726,25.99999999802094,0.0,0.0,615.9999999217689,140.00000001396984,0.0,472.99999999813735,0.0,0.0,1.9999999999527063,1.9999999999527063,0.0,0.0,0.0,0.0,0.0,0.0,0.0,0.0,251.99999997857958,0.0,0.0,0.0,0.0,0.0,0.0,662.999999942258,0.0,9760.000000133005,408.0000000358268,10128.000000167958
2021-12-16 22:19:52+01:00,0.0,0.0,0.0,0.0,0.0,0.0,0.0,0.0,0.0,2094.9999999720603,10.999999998603016,0.0,0.0,0.0,0.0,149.99999999417923,285.99999999278225,0.0,0.0,104.99999999956344,4699.000000022352,0.0,0.0,8.999999998195563,383.9999999618158,0.0,307.0000000298023,0.0,1.0000000002037268,0.0,0.0,37.00000001117587,0.0,61.999999976251274,24.999999994179234,0.0,0.0,617.0000000856817,141.00000000325963,0.0,472.0000000670552,0.0,0.0,0.9999999999763531,0.9999999999763531,0.0,0.0,0.0,0.0,0.0,0.0,0.0,0.0,250.0,0.0,0.0,0.0,0.0,0.0,0.0,655.9999999590218,0.0,9873.000000116008,404.9999999588181,10236.000000080821
2021-12-16 22:20:00+01:00,0.0,0.0,0.0,0.0,0.0,0.0,0.0,0.0,0.0,2118.999999947846,11.999999998806743,0.0,0.0,0.0,0.0,149.99999999417923,277.99999999115244,0.0,0.0,120.99999999918509,4703.999999910593,0.0,0.0,9.99999999839929,373.99999995250255,0.0,310.9999999869615,0.0,1.0000000002037268,0.0,0.0,34.99999997438863,0.0,60.999999986961484,24.999999994179234,0.0,0.0,617.0000000856817,137.9999999771826,0.0,473.9999999292195,0.0,0.0,1.9999999999527063,1.9999999999527063,0.0,0.0,0.0,0.0,0.0,0.0,0.0,0.0,253.00000002607703,0.0,0.0,0.0,0.0,0.0,0.0,650.0000000232831,0.0,9908.999999835942,396.9999999499123,10259.999999791034
2021-12-16 22:20:08+01:00,0.0,0.0,0.0,0.0,0.0,0.0,0.0,0.0,0.0,2378.000000026077,11.999999998806743,0.0,0.0,0.0,0.0,146.99999999720603,271.00000000791624,0.0,0.0,116.99999999837019,4693.99999990128,0.0,0.0,8.999999998195563,383.00000003073364,0.0,303.00000007264316,0.0,1.9999999999527063,0.0,0.0,36.00000002188608,0.0,60.999999986961484,25.99999999802094,0.0,0.0,615.9999999217689,136.9999999878928,0.0,476.0000000242144,0.0,0.0,0.9999999999763531,1.9999999999527063,0.0,0.0,0.0,0.0,0.0,0.0,0.0,0.0,253.00000002607703,0.0,0.0,0.0,0.0,0.0,0.0,660.0000000325963,0.0,10147.0000000038,407.000000027665,10506.000000037602
2021-12-16 22:20:16+01:00,0.0,0.0,0.0,0.0,0.0,0.0,0.0,0.0,0.0,2050.9999999776483,10.999999998603016,0.0,0.0,0.0,0.0,147.99999998649582,271.99999999720603,0.0,0.0,117.99999999857391,4424.000000115484,0.0,0.0,9.99999999839929,584.9999999627471,0.0,303.00000007264316,0.0,1.0000000002037268,0.0,0.0,36.00000002188608,0.0,63.000000023748726,24.999999994179234,0.0,0.0,618.9999999478459,142.9999999818392,0.0,472.0000000670552,0.0,0.0,1.9999999999527063,1.9999999999527063,0.0,0.0,0.0,0.0,0.0,0.0,0.0,0.0,250.0,0.0,0.0,0.0,0.0,0.0,0.0,655.9999999590218,0.0,9552.000000152475,606.9999999599531,10115.000000118016
2021-12-16 22:20:24+01:00,0.0,0.0,0.0,0.0,0.0,0.0,0.0,0.0,0.0,2028.9999999804422,10.999999998603016,0.0,0.0,0.0,0.0,146.99999999720603,272.9999999864958,0.0,0.0,117.99999999857391,200.999999884516,0.0,0.0,8.999999998195563,721.0000000195578,0.0,291.99999989941716,0.0,1.0000000002037268,0.0,0.0,36.00000002188608,0.0,61.999999976251274,24.999999994179234,0.0,0.0,617.0000000856817,140.00000001396984,0.0,472.99999999813735,0.0,0.0,1.9999999999527063,0.9999999999763531,0.0,0.0,0.0,0.0,0.0,0.0,0.0,0.0,251.00000004749745,0.0,0.0,0.0,0.0,0.0,0.0,655.9999999590218,0.0,5289.999999851943,741.0000000165837,5990.999999874475
2021-12-16 22:20:32+01:00,0.0,0.0,0.0,0.0,0.0,0.0,0.0,0.0,0.0,2015.0000000139698,10.999999998603016,0.0,0.0,0.0,0.0,147.99999998649582,271.99999999720603,0.0,0.0,117.99999999857391,199.99999995343387,0.0,0.0,9.99999999839929,719.9999999720603,0.0,300.99999997764826,0.0,1.0000000002037268,0.0,0.0,27.999999991152436,0.0,53.0000000144355,25.99999999802094,0.0,0.0,617.0000000856817,141.00000000325963,0.0,472.99999999813735,0.0,0.0,1.9999999999527063,1.9999999999527063,0.0,0.0,0.0,0.0,0.0,0.0,0.0,0.0,248.99999995250255,0.0,0.0,0.0,0.0,0.0,0.0,660.9999999636784,0.0,5271.99999993536,741.9999999692664,5969.999999910215
2021-12-16 22:20:40+01:00,0.0,0.0,0.0,0.0,0.0,0.0,0.0,0.0,0.0,2052.0000000251457,10.999999998603016,0.0,0.0,0.0,0.0,146.99999999720603,272.9999999864958,0.0,0.0,117.99999999857391,200.999999884516,0.0,0.0,8.999999998195563,724.0000000456348,0.0,293.99999999441206,0.0,1.0000000002037268,0.0,0.0,18.999999971129,0.0,45.999999972991645,24.999999994179234,0.0,0.0,617.0000000856817,140.00000001396984,0.0,473.9999999292195,0.0,0.0,1.9999999999527063,1.9999999999527063,0.0,0.0,0.0,0.0,0.0,0.0,0.0,0.0,248.99999995250255,0.0,0.0,0.0,0.0,0.0,0.0,657.0000000065193,0.0,5282.999999821186,745.0000000426371,5985.999999869819
2021-12-16 22:20:48+01:00,0.0,0.0,0.0,0.0,0.0,0.0,0.0,0.0,0.0,1792.9999999469146,11.999999998806743,0.0,0.0,0.0,0.0,146.99999999720603,271.99999999720603,0.0,0.0,117.99999999857391,202.00000004842877,0.0,0.0,9.99999999839929,726.9999999552965,0.0,296.00000008940697,0.0,1.9999999999527063,0.0,0.0,18.999999971129,0.0,44.999999983701855,25.99999999802094,0.0,0.0,617.0000000856817,141.99999999254942,0.0,472.99999999813735,0.0,0.0,1.9999999999527063,0.9999999999763531,0.0,0.0,0.0,0.0,0.0,0.0,0.0,0.0,248.99999995250255,0.0,0.0,0.0,0.0,0.0,0.0,682.0000000298023,0.0,5052.000000090402,749.9999999524789,5756.000000048516
2021-12-16 22:20:56+01:00,0.0,0.0,0.0,0.0,0.0,0.0,0.0,0.0,0.0,814.0000000130385,10.999999998603016,0.0,0.0,0.0,0.0,146.99999999720603,271.99999999720603,0.0,0.0,118.99999999877764,199.99999995343387,0.0,0.0,8.999999998195563,714.9999999674037,0.0,294.9999999254942,0.0,1.0000000002037268,0.0,0.0,18.999999971129,0.0,43.999999994412065,24.999999994179234,0.0,0.0,618.0000000167638,141.00000000325963,0.0,472.99999999813735,0.0,0.0,0.9999999999763531,1.9999999999527063,0.0,0.0,0.0,0.0,0.0,0.0,0.0,0.0,250.0,0.0,0.0,0.0,0.0,0.0,0.0,679.0000000037253,0.0,4067.999999875383,736.9999999643824,4760.999999845808
2021-12-16 22:21:04+01:00,0.0,0.0,0.0,0.0,0.0,0.0,0.0,0.0,0.0,795.9999999729916,9.99999999839929,0.0,0.0,0.0,0.0,146.99999999720603,271.99999999720603,0.0,0.0,117.99999999857391,199.99999995343387,0.0,0.0,9.99999999839929,712.9999999888241,0.0,3425.9999999776483,0.0,1.0000000002037268,0.0,0.0,18.999999971129,0.0,45.999999972991645,25.99999999802094,0.0,0.0,614.0000000596046,140.00000001396984,0.0,470.99999990314245,0.0,0.0,1.9999999999527063,1.9999999999527063,0.0,0.0,0.0,0.0,0.0,0.0,0.0,0.0,248.99999995250255,0.0,0.0,0.0,0.0,0.0,0.0,682.0000000298023,0.0,7174.999999799184,733.9999999858264,7866.999999791005
2021-12-16 22:21:12+01:00,0.0,0.0,0.0,0.0,0.0,0.0,0.0,0.0,0.0,815.9999999916181,10.999999998603016,0.0,0.0,0.0,0.0,146.00000000791624,271.00000000791624,0.0,0.0,117.99999999857391,200.999999884516,0.0,0.0,9.99999999839929,709.000000031665,0.0,4654.000000096858,0.0,1.9999999999527063,0.0,0.0,21.000000007916242,0.0,45.999999972991645,24.999999994179234,0.0,0.0,612.9999998956919,141.00000000325963,0.0,469.9999999720603,0.0,0.0,0.9999999999763531,1.9999999999527063,0.0,0.0,0.0,0.0,0.0,0.0,0.0,0.0,248.99999995250255,0.0,0.0,0.0,0.0,0.0,0.0,680.9999999823049,0.0,8425.999999776877,733.0000000285963,9110.99999981161
2021-12-16 22:21:20+01:00,0.0,0.0,0.0,0.0,0.0,0.0,0.0,0.0,0.0,876.0000000474975,10.999999998603016,0.0,0.0,0.0,0.0,146.99999999720603,271.00000000791624,0.0,0.0,117.99999999857391,200.999999884516,0.0,0.0,8.999999998195563,712.000000057742,0.0,4638.999999966472,0.0,1.0000000002037268,0.0,0.0,21.000000007916242,0.0,47.0000000204891,25.99999999802094,0.0,0.0,614.0000000596046,139.00000002468005,0.0,469.9999999720603,0.0,0.0,0.9999999999763531,0.9999999999763531,0.0,0.0,0.0,0.0,0.0,0.0,0.0,0.0,250.0,0.0,0.0,0.0,0.0,0.0,0.0,680.0000000512227,0.0,8468.000000037136,733.0000000547443,9159.000000097876
2021-12-16 22:21:28+01:00,0.0,0.0,0.0,0.0,0.0,0.0,0.0,0.0,0.0,954.9999999580905,9.99999999839929,0.0,0.0,0.0,0.0,146.00000000791624,272.9999999864958,0.0,0.0,119.99999999898137,195.9999999962747,0.0,0.0,8.999999998195563,719.0000000409782,0.0,4629.999999888241,0.0,1.9999999999527063,0.0,0.0,17.99999998183921,0.0,43.000000005122274,24.999999994179234,0.0,0.0,617.0000000856817,140.00000001396984,0.0,472.99999999813735,0.0,0.0,0.9999999999763531,1.9999999999527063,0.0,0.0,0.0,0.0,0.0,0.0,0.0,0.0,250.0,0.0,0.0,0.0,0.0,0.0,0.0,682.9999999608845,0.0,8540.99999988398,741.0000000375021,9237.999999928434
2021-12-16 22:21:36+01:00,0.0,0.0,0.0,0.0,0.0,0.0,0.0,0.0,0.0,1158.0000000540167,10.999999998603016,0.0,0.0,0.0,0.0,146.00000000791624,269.00000000023283,0.0,0.0,116.00000000180444,200.999999884516,0.0,0.0,9.99999999839929,714.0000000363216,0.0,4627.000000094995,0.0,1.0000000002037268,0.0,0.0,21.000000007916242,0.0,48.00000000977889,25.99999999802094,0.0,0.0,612.9999998956919,141.00000000325963,0.0,466.9999999459833,0.0,0.0,0.9999999999763531,1.9999999999527063,0.0,0.0,0.0,0.0,0.0,0.0,0.0,0.0,250.0,0.0,0.0,0.0,0.0,0.0,0.0,677.0000000251457,0.0,8730.999999930418,737.000000033504,9421.999999969557
2021-12-16 22:21:44+01:00,0.0,0.0,0.0,0.0,0.0,0.0,0.0,0.0,0.0,807.0000000298023,10.999999998603016,0.0,0.0,0.0,0.0,146.99999999720603,271.00000000791624,0.0,0.0,117.99999999857391,199.99999995343387,0.0,0.0,9.99999999839929,714.9999999674037,0.0,4614.999999990687,0.0,1.0000000002037268,0.0,0.0,21.000000007916242,0.0,45.999999972991645,24.999999994179234,0.0,0.0,611.0000000335276,139.00000002468005,0.0,469.0000000409782,0.0,0.0,0.9999999999763531,1.9999999999527063,0.0,0.0,0.0,0.0,0.0,0.0,0.0,0.0,248.00000002142042,0.0,0.0,0.0,0.0,0.0,0.0,680.9999999823049,0.0,8371.000000064441,737.9999999645861,9063.000000034663
2021-12-16 22:21:52+01:00,0.0,0.0,0.0,0.0,0.0,0.0,0.0,0.0,0.0,782.0000000065193,9.99999999839929,0.0,0.0,0.0,0.0,147.99999998649582,274.99999999417923,0.0,0.0,119.99999999898137,199.99999995343387,0.0,0.0,8.999999998195563,721.0000000195578,0.0,4608.999999938533,0.0,1.9999999999527063,0.0,0.0,21.000000007916242,0.0,47.0000000204891,25.99999999802094,0.0,0.0,611.9999999646097,141.99999999254942,0.0,466.9999999459833,0.0,0.0,0.9999999999763531,1.9999999999527063,0.0,0.0,0.0,0.0,0.0,0.0,0.0,0.0,248.99999995250255,0.0,0.0,0.0,0.0,0.0,0.0,680.0000000512227,0.0,8347.999999811918,743.0000000160817,9046.999999834952
2021-12-16 22:22:00+01:00,0.0,0.0,0.0,0.0,0.0,0.0,0.0,0.0,0.0,778.0000000493601,10.999999998603016,0.0,0.0,0.0,0.0,146.00000000791624,269.00000000023283,0.0,0.0,116.99999999837019,195.9999999962747,0.0,0.0,8.999999998195563,726.9999999552965,0.0,4614.999999990687,0.0,1.0000000002037268,0.0,0.0,20.00000001862645,0.0,45.999999972991645,24.999999994179234,0.0,0.0,612.9999998956919,139.00000002468005,0.0,469.9999999720603,0.0,0.0,1.9999999999527063,1.9999999999527063,0.0,0.0,0.0,0.0,0.0,0.0,0.0,0.0,248.00000002142042,0.0,0.0,0.0,0.0,0.0,0.0,673.9999999990687,0.0,8326.999999950203,747.9999999522988,9032.999999908498
2021-12-16 22:22:08+01:00,0.0,0.0,0.0,0.0,0.0,0.0,0.0,0.0,0.0,804.0000000037253,10.999999998603016,0.0,0.0,0.0,0.0,146.99999999720603,271.00000000791624,0.0,0.0,117.99999999857391,199.00000002235174,0.0,0.0,9.99999999839929,722.9999999981374,0.0,4617.000000085682,0.0,1.9999999999527063,0.0,0.0,21.000000007916242,0.0,45.999999972991645,24.999999994179234,0.0,0.0,611.9999999646097,140.00000001396984,0.0,469.0000000409782,0.0,0.0,0.9999999999763531,0.9999999999763531,0.0,0.0,0.0,0.0,0.0,0.0,0.0,0.0,248.00000002142042,0.0,0.0,0.0,0.0,0.0,0.0,677.9999999562278,0.0,8368.000000096345,745.9999999950924,9068.000000097527
2021-12-16 22:22:16+01:00,0.0,0.0,0.0,0.0,0.0,0.0,0.0,0.0,0.0,798.9999999990687,11.999999998806743,0.0,0.0,0.0,0.0,146.99999999720603,271.00000000791624,0.0,0.0,117.99999999857391,202.9999999795109,0.0,0.0,9.99999999839929,689.9999999441206,0.0,4614.000000059605,0.0,1.0000000002037268,0.0,0.0,20.00000001862645,0.0,45.999999972991645,25.99999999802094,0.0,0.0,614.0000000596046,141.99999999254942,0.0,469.0000000409782,0.0,0.0,1.9999999999527063,1.9999999999527063,0.0,0.0,0.0,0.0,0.0,0.0,0.0,0.0,248.00000002142042,0.0,0.0,0.0,0.0,0.0,0.0,684.0000000083819,0.0,8372.000000155822,712.9999999415304,9039.000000102533
2021-12-16 22:22:24+01:00,0.0,0.0,0.0,0.0,0.0,0.0,0.0,0.0,0.0,856.000000028871,9.99999999839929,0.0,0.0,0.0,0.0,146.00000000791624,271.00000000791624,0.0,0.0,116.99999999837019,198.0000000912696,0.0,0.0,9.99999999839929,778.9999999804422,0.0,4614.000000059605,0.0,1.9999999999527063,0.0,0.0,18.999999971129,0.0,44.999999983701855,24.999999994179234,0.0,0.0,611.0000000335276,140.00000001396984,0.0,468.00000010989606,0.0,0.0,1.9999999999527063,1.9999999999527063,0.0,0.0,0.0,0.0,0.0,0.0,0.0,0.0,248.99999995250255,0.0,0.0,0.0,0.0,0.0,0.0,677.9999999562278,0.0,8409.000000217475,800.9999999771935,9166.000000201166
2021-12-16 22:22:32+01:00,0.0,0.0,0.0,0.0,0.0,0.0,0.0,0.0,0.0,863.0000000121072,10.999999998603016,0.0,0.0,0.0,0.0,146.99999999720603,271.00000000791624,0.0,0.0,117.99999999857391,198.0000000912696,0.0,0.0,8.999999998195563,885.0000000093132,0.0,4614.000000059605,0.0,1.9999999999527063,0.0,0.0,17.99999998183921,0.0,43.999999994412065,25.99999999802094,0.0,0.0,611.0000000335276,140.00000001396984,0.0,468.00000010989606,0.0,0.0,1.9999999999527063,0.9999999999763531,0.0,0.0,0.0,0.0,0.0,0.0,0.0,0.0,248.99999995250255,0.0,0.0,0.0,0.0,0.0,0.0,677.9999999562278,0.0,8414.000000207807,906.0000000060882,9278.000000220345
2021-12-16 22:22:40+01:00,0.0,0.0,0.0,0.0,0.0,0.0,0.0,0.0,0.0,851.0000000242144,11.999999998806743,0.0,0.0,0.0,0.0,144.99999998952262,266.9999999925494,0.0,0.0,115.00000000160071,196.99999992735684,0.0,0.0,9.99999999839929,858.0000000074506,0.0,4614.999999990687,0.0,1.0000000002037268,0.0,0.0,64.00000001303852,0.0,90.00000002561137,24.999999994179234,0.0,0.0,604.0000000502914,134.00000002002344,0.0,466.9999999459833,0.0,0.0,0.9999999999763531,0.9999999999763531,0.0,0.0,0.0,0.0,0.0,0.0,0.0,0.0,248.99999995250255,0.0,0.0,0.0,0.0,0.0,0.0,690.9999999916181,0.0,8486.99999992823,881.0000000048603,9321.99999993827
2021-12-16 22:22:48+01:00,0.0,0.0,0.0,0.0,0.0,0.0,0.0,0.0,0.0,890.999999945052,10.999999998603016,0.0,0.0,0.0,0.0,146.00000000791624,269.00000000023283,0.0,0.0,115.00000000160071,206.99999993667006,0.0,0.0,9.99999999839929,837.000000057742,0.0,4611.99999996461,0.0,1.9999999999527063,0.0,0.0,96.00000001955777,0.0,121.99999997392297,25.99999999802094,0.0,0.0,611.9999999646097,145.00000001862645,0.0,465.00000008381903,0.0,0.0,2.9999999999290594,1.9999999999527063,0.0,0.0,0.0,0.0,0.0,0.0,0.0,0.0,246.00000004284084,0.0,0.0,0.0,0.0,0.0,0.0,687.9999999655411,0.0,8609.999999923957,859.0000000547207,9424.99999998472
2021-12-16 22:22:56+01:00,0.0,0.0,0.0,0.0,0.0,0.0,0.0,0.0,0.0,854.9999999813735,11.999999998806743,0.0,0.0,0.0,0.0,146.00000000791624,269.9999999895226,0.0,0.0,117.99999999857391,200.999999884516,0.0,0.0,9.99999999839929,836.0000000102445,0.0,4615.999999921769,0.0,1.0000000002037268,0.0,0.0,94.99999997206032,0.0,119.0000000060536,24.999999994179234,0.0,0.0,610.0000001024455,139.00000002468005,0.0,468.00000010989606,0.0,0.0,1.9999999999527063,1.9999999999527063,0.0,0.0,0.0,0.0,0.0,0.0,0.0,0.0,246.99999997392297,0.0,0.0,0.0,0.0,0.0,0.0,680.9999999823049,0.0,8562.999999958265,859.0000000076543,9375.9999999711
2021-12-16 22:23:04+01:00,0.0,0.0,0.0,0.0,0.0,0.0,0.0,0.0,0.0,883.9999999618158,11.999999998806743,0.0,0.0,0.0,0.0,147.99999998649582,274.99999999417923,0.0,0.0,119.99999999898137,199.99999995343387,0.0,0.0,8.999999998195563,866.0000000381842,0.0,4614.000000059605,0.0,1.9999999999527063,0.0,0.0,93.99999998277053,0.0,120.99999998463318,25.99999999802094,0.0,0.0,604.9999999813735,136.9999999878928,0.0,465.00000008381903,0.0,0.0,1.9999999999527063,1.9999999999527063,0.0,0.0,0.0,0.0,0.0,0.0,0.0,0.0,246.99999997392297,0.0,0.0,0.0,0.0,0.0,0.0,673.9999999990687,0.0,8580.999999946926,889.0000000351392,9423.999999988155
2021-12-16 22:23:12+01:00,0.0,0.0,0.0,0.0,0.0,0.0,0.0,0.0,0.0,880.0000000046566,11.999999998806743,0.0,0.0,0.0,0.0,146.99999999720603,271.00000000791624,0.0,0.0,117.99999999857391,198.0000000912696,0.0,0.0,9.99999999839929,846.9999999506399,0.0,4612.999999895692,0.0,1.0000000002037268,0.0,0.0,94.99999997206032,0.0,119.99999999534339,24.999999994179234,0.0,0.0,611.0000000335276,141.00000000325963,0.0,466.9999999459833,0.0,0.0,1.9999999999527063,0.9999999999763531,0.0,0.0,0.0,0.0,0.0,0.0,0.0,0.0,246.00000004284084,0.0,0.0,0.0,0.0,0.0,0.0,677.0000000251457,0.0,8581.00000001673,868.9999999480733,9405.999999969936
2021-12-16 22:23:20+01:00,0.0,0.0,0.0,0.0,0.0,0.0,0.0,0.0,0.0,1403.00000004936,9.99999999839929,0.0,0.0,0.0,0.0,144.99999998952262,269.00000000023283,0.0,0.0,116.99999999837019,198.0000000912696,0.0,0.0,9.99999999839929,532.0000000065193,0.0,4611.99999996461,0.0,1.9999999999527063,0.0,0.0,93.99999998277053,0.0,119.0000000060536,25.99999999802094,0.0,0.0,611.0000000335276,141.00000000325963,0.0,466.00000001490116,0.0,0.0,1.9999999999527063,1.9999999999527063,0.0,0.0,0.0,0.0,0.0,0.0,0.0,0.0,246.00000004284084,0.0,0.0,0.0,0.0,0.0,0.0,685.9999999869615,0.0,9103.00000016241,554.0000000032705,9613.000000172178
2021-12-16 22:23:28+01:00,0.0,0.0,0.0,0.0,0.0,0.0,0.0,0.0,0.0,1565.999999991618,11.999999998806743,0.0,0.0,0.0,0.0,146.00000000791624,271.00000000791624,0.0,0.0,117.99999999857391,199.00000002235174,0.0,0.0,9.99999999839929,491.99999996926636,0.0,4617.000000085682,0.0,1.0000000002037268,0.0,0.0,93.99999998277053,0.0,119.0000000060536,24.999999994179234,0.0,0.0,611.0000000335276,141.00000000325963,0.0,468.00000010989606,0.0,0.0,1.9999999999527063,1.9999999999527063,0.0,0.0,0.0,0.0,0.0,0.0,0.0,0.0,248.00000002142042,0.0,0.0,0.0,0.0,0.0,0.0,682.0000000298023,0.0,9278.000000304019,514.9999999666761,9747.000000275875
2021-12-16 22:23:36+01:00,0.0,0.0,0.0,0.0,0.0,0.0,0.0,0.0,0.0,1089.9999999674037,10.999999998603016,0.0,0.0,0.0,0.0,146.00000000791624,269.9999999895226,0.0,0.0,117.99999999857391,200.999999884516,0.0,0.0,8.999999998195563,484.99999998603016,0.0,4614.999999990687,0.0,1.9999999999527063,0.0,0.0,93.99999998277053,0.0,119.99999999534339,25.99999999802094,0.0,0.0,608.9999999385327,139.00000002468005,0.0,466.9999999459833,0.0,0.0,1.9999999999527063,0.9999999999763531,0.0,0.0,0.0,0.0,0.0,0.0,0.0,0.0,246.00000004284084,0.0,0.0,0.0,0.0,0.0,0.0,680.9999999823049,0.0,8790.999999749829,505.9999999828051,9254.999999739084
2021-12-16 22:23:44+01:00,0.0,0.0,0.0,0.0,0.0,0.0,0.0,0.0,0.0,1165.000000037253,10.999999998603016,0.0,0.0,0.0,0.0,144.99999998952262,269.00000000023283,0.0,0.0,117.99999999857391,198.0000000912696,0.0,0.0,9.99999999839929,488.0000000121072,0.0,4611.99999996461,0.0,1.0000000002037268,0.0,0.0,92.99999999348074,0.0,119.0000000060536,24.999999994179234,0.0,0.0,611.9999999646097,141.00000000325963,0.0,466.9999999459833,0.0,0.0,0.9999999999763531,1.9999999999527063,0.0,0.0,0.0,0.0,0.0,0.0,0.0,0.0,246.99999997392297,0.0,0.0,0.0,0.0,0.0,0.0,685.0000000558794,0.0,8869.000000027654,511.0000000092896,9334.000000042579
2021-12-16 22:23:52+01:00,0.0,0.0,0.0,0.0,0.0,0.0,0.0,0.0,0.0,1150.000000023283,10.999999998603016,0.0,0.0,0.0,0.0,144.99999998952262,269.9999999895226,0.0,0.0,117.99999999857391,199.99999995343387,0.0,0.0,9.99999999839929,483.0000000074506,0.0,4601.9999999552965,0.0,1.9999999999527063,0.0,0.0,93.99999998277053,0.0,118.0000000167638,24.999999994179234,0.0,0.0,611.0000000335276,140.00000001396984,0.0,468.00000010989606,0.0,0.0,1.9999999999527063,1.9999999999527063,0.0,0.0,0.0,0.0,0.0,0.0,0.0,0.0,246.99999997392297,0.0,0.0,0.0,0.0,0.0,0.0,684.0000000083819,0.0,8845.000000051641,506.0000000044056,9305.000000062137
2021-12-16 22:24:00+01:00,0.0,0.0,0.0,0.0,0.0,0.0,0.0,0.0,0.0,1153.9999999804422,10.999999998603016,0.0,0.0,0.0,0.0,146.00000000791624,269.9999999895226,0.0,0.0,117.99999999857391,198.0000000912696,0.0,0.0,8.999999998195563,491.99999996926636,0.0,4604.000000050291,0.0,1.0000000002037268,0.0,0.0,93.99999998277053,0.0,119.0000000060536,25.99999999802094,0.0,0.0,611.0000000335276,140.00000001396984,0.0,466.9999999459833,0.0,0.0,0.9999999999763531,1.9999999999527063,0.0,0.0,0.0,0.0,0.0,0.0,0.0,0.0,246.99999997392297,0.0,0.0,0.0,0.0,0.0,0.0,685.9999999869615,0.0,8850.000000060163,513.999999966245,9320.00000003245
2021-12-16 22:24:08+01:00,0.0,0.0,0.0,0.0,0.0,0.0,0.0,0.0,0.0,1165.000000037253,10.999999998603016,0.0,0.0,0.0,0.0,144.99999998952262,269.00000000023283,0.0,0.0,116.99999999837019,199.00000002235174,0.0,0.0,9.99999999839929,478.00000000279397,0.0,4602.999999886379,0.0,1.0000000002037268,0.0,0.0,93.99999998277053,0.0,119.99999999534339,24.999999994179234,0.0,0.0,611.9999999646097,140.00000001396984,0.0,469.0000000409782,0.0,0.0,0.9999999999763531,1.9999999999527063,0.0,0.0,0.0,0.0,0.0,0.0,0.0,0.0,246.00000004284084,0.0,0.0,0.0,0.0,0.0,0.0,682.0000000298023,0.0,8859.000000007427,500.99999999997635,9314.000000013039
2021-12-16 22:24:16+01:00,0.0,0.0,0.0,0.0,0.0,0.0,0.0,0.0,0.0,1187.000000034459,10.999999998603016,0.0,0.0,0.0,0.0,144.99999998952262,269.9999999895226,0.0,0.0,117.99999999857391,199.00000002235174,0.0,1.0000001639127731,8.999999998195563,591.9999999459833,0.0,4597.999999998137,0.0,1.9999999999527063,0.0,0.0,93.99999998277053,0.0,119.99999999534339,24.999999994179234,0.0,0.0,611.0000000335276,140.00000001396984,0.0,466.00000001490116,0.0,0.0,0.9999999999763531,0.9999999999763531,0.0,0.0,0.0,0.0,0.0,0.0,0.0,0.0,246.99999997392297,0.0,0.0,0.0,0.0,0.0,0.0,653.0000000493601,0.0,8843.999999935022,612.9999997788218,9415.000000048167
2021-12-16 22:24:24+01:00,0.0,0.0,0.0,0.0,0.0,0.0,0.0,0.0,0.0,1903.00000004936,11.999999998806743,0.0,0.0,0.0,0.0,144.99999998952262,271.00000000791624,0.0,0.0,117.99999999857391,199.00000002235174,0.0,0.0,8.999999998195563,807.9999999608845,0.0,4601.000000024214,0.0,1.0000000002037268,0.0,0.0,93.99999998277053,0.0,118.0000000167638,25.99999999802094,0.0,0.0,610.0000001024455,140.00000001396984,0.0,466.9999999459833,0.0,0.0,0.9999999999763531,1.9999999999527063,0.0,0.0,0.0,0.0,0.0,0.0,0.0,0.0,246.00000004284084,0.0,0.0,0.0,0.0,0.0,0.0,633.9999999618158,0.0,9543.00000015769,830.9999999580668,10328.000000121392
2021-12-16 22:24:32+01:00,0.0,0.0,0.0,0.0,0.0,0.0,0.0,0.0,0.0,2228.000000002794,9.99999999839929,0.0,0.0,0.0,0.0,144.99999998952262,268.00000001094304,0.0,0.0,116.99999999837019,198.0000000912696,0.0,0.0,9.99999999839929,792.0000000158325,0.0,4598.9999999292195,0.0,1.9999999999527063,0.0,0.0,93.99999998277053,0.0,120.99999998463318,24.999999994179234,0.0,0.0,610.0000001024455,141.99999999254942,0.0,463.99999991990626,0.0,0.0,1.9999999999527063,1.9999999999527063,0.0,0.0,0.0,0.0,0.0,0.0,0.0,0.0,248.99999995250255,0.0,0.0,0.0,0.0,0.0,0.0,630.0000000046566,0.0,9861.999999964155,814.0000000125838,10631.999999983236
2021-12-16 22:24:40+01:00,0.0,0.0,0.0,0.0,0.0,0.0,0.0,0.0,0.0,2280.0000000279397,10.999999998603016,0.0,0.0,0.0,0.0,146.00000000791624,271.99999999720603,0.0,0.0,118.99999999877764,193.9999999012798,0.0,0.0,8.999999998195563,785.9999999636784,0.0,4595.999999903142,0.0,1.0000000002037268,0.0,0.0,94.99999997206032,0.0,119.99999999534339,24.999999994179234,0.0,0.0,605.9999999124557,137.9999999771826,0.0,465.00000008381903,0.0,0.0,1.9999999999527063,0.9999999999763531,0.0,0.0,0.0,0.0,0.0,0.0,0.0,0.0,246.99999997392297,0.0,0.0,0.0,0.0,0.0,0.0,638.0000000353903,0.0,9910.999999789283,805.9999999607044,10676.999999755935
2021-12-16 22:24:48+01:00,0.0,0.0,0.0,0.0,0.0,0.0,0.0,0.0,0.0,2324.0000000223517,10.999999998603016,0.0,0.0,0.0,0.0,144.99999998952262,269.00000000023283,0.0,0.0,116.99999999837019,199.99999995343387,0.0,0.0,9.99999999839929,788.9999999897555,0.0,4597.000000067055,0.0,1.9999999999527063,0.0,0.0,93.99999998277053,0.0,119.0000000060536,25.99999999802094,0.0,0.0,608.9999999385327,140.00000001396984,0.0,465.00000008381903,0.0,0.0,1.9999999999527063,1.9999999999527063,0.0,0.0,0.0,0.0,0.0,0.0,0.0,0.0,244.9999999953434,0.0,0.0,0.0,0.0,0.0,0.0,608.0000000074506,0.0,9929.00000005784,811.9999999867105,10695.00000005064
2021-12-16 22:24:56+01:00,0.0,0.0,0.0,0.0,0.0,0.0,0.0,0.0,0.0,2378.999999957159,11.999999998806743,0.0,0.0,0.0,0.0,144.99999998952262,269.9999999895226,0.0,0.0,117.99999999857391,199.00000002235174,0.0,0.0,8.999999998195563,787.0000000111759,0.0,4588.999999919906,0.0,1.0000000002037268,0.0,0.0,92.99999999348074,0.0,119.0000000060536,24.999999994179234,0.0,0.0,608.0000000074506,140.00000001396984,0.0,463.99999991990626,0.0,0.0,0.9999999999763531,1.9999999999527063,0.0,0.0,0.0,0.0,0.0,0.0,0.0,0.0,246.00000004284084,0.0,0.0,0.0,0.0,0.0,0.0,611.9999999646097,0.0,9979.999999828351,810.0000000083583,10743.999999842345
2021-12-16 22:25:04+01:00,0.0,0.0,0.0,0.0,0.0,0.0,0.0,0.0,0.0,2829.9999999580905,10.999999998603016,0.0,0.0,0.0,0.0,146.00000000791624,271.00000000791624,0.0,0.0,117.99999999857391,200.999999884516,0.0,0.0,9.99999999839929,787.0000000111759,0.0,4594.000000040978,0.0,1.0000000002037268,0.0,0.0,94.99999997206032,0.0,119.99999999534339,24.999999994179234,0.0,0.0,610.0000001024455,141.00000000325963,0.0,465.00000008381903,0.0,0.0,0.9999999999763531,1.9999999999527063,0.0,0.0,0.0,0.0,0.0,0.0,0.0,0.0,244.9999999953434,0.0,0.0,0.0,0.0,0.0,0.0,613.0000000121072,0.0,10447.000000065373,810.0000000083583,11211.000000079366
2021-12-16 22:25:12+01:00,0.0,0.0,0.0,0.0,0.0,0.0,0.0,0.0,0.0,2792.0000000158325,10.999999998603016,0.0,0.0,0.0,0.0,144.99999998952262,269.00000000023283,0.0,0.0,116.99999999837019,199.00000002235174,0.0,0.0,8.999999998195563,787.0000000111759,0.0,4600.000000093132,0.0,1.9999999999527063,0.0,0.0,93.99999998277053,0.0,119.0000000060536,25.99999999802094,0.0,0.0,608.0000000074506,140.00000001396984,0.0,465.00000008381903,0.0,0.0,0.9999999999763531,0.9999999999763531,0.0,0.0,0.0,0.0,0.0,0.0,0.0,0.0,246.00000004284084,0.0,0.0,0.0,0.0,0.0,0.0,613.9999999431893,0.0,10404.000000198266,809.0000000079272,11169.00000021269
2021-12-16 22:25:20+01:00,0.0,0.0,0.0,0.0,0.0,0.0,0.0,0.0,0.0,2537.999999942258,10.999999998603016,0.0,0.0,0.0,0.0,144.00000000023283,266.9999999925494,0.0,0.0,116.99999999837019,199.00000002235174,0.0,0.0,9.99999999839929,785.9999999636784,0.0,4590.000000083819,0.0,1.0000000002037268,0.0,0.0,93.99999998277053,0.0,119.99999999534339,24.999999994179234,0.0,0.0,608.0000000074506,141.00000000325963,0.0,463.99999991990626,0.0,0.0,1.9999999999527063,1.9999999999527063,0.0,0.0,0.0,0.0,0.0,0.0,0.0,0.0,243.99999994784594,0.0,0.0,0.0,0.0,0.0,0.0,611.0000000335276,0.0,10133.999999932712,807.9999999608845,10897.999999899184
2021-12-16 22:25:28+01:00,0.0,0.0,0.0,0.0,0.0,0.0,0.0,0.0,0.0,2564.9999999441206,10.999999998603016,0.0,0.0,0.0,0.0,144.00000000023283,261.9999999878928,0.0,0.0,117.99999999857391,198.0000000912696,0.0,0.0,9.99999999839929,787.0000000111759,0.0,4597.999999998137,0.0,1.9999999999527063,0.0,0.0,93.99999998277053,0.0,119.0000000060536,24.999999994179234,0.0,0.0,610.0000001024455,141.00000000325963,0.0,466.00000001490116,0.0,0.0,0.9999999999763531,1.9999999999527063,0.0,0.0,0.0,0.0,0.0,0.0,0.0,0.0,246.00000004284084,0.0,0.0,0.0,0.0,0.0,0.0,609.000000054948,0.0,10169.000000230199,811.0000000081072,10932.000000244443
2021-12-16 22:25:36+01:00,0.0,0.0,0.0,0.0,0.0,0.0,0.0,0.0,0.0,2604.9999999813735,10.999999998603016,0.0,0.0,0.0,0.0,144.00000000023283,260.999999998603,0.0,0.0,117.99999999857391,915.0000000372529,0.0,0.0,8.999999998195563,787.0000000111759,0.0,4604.000000050291,0.0,1.0000000002037268,0.0,0.0,94.99999997206032,0.0,119.99999999534339,25.99999999802094,0.0,0.0,608.0000000074506,140.00000001396984,0.0,465.00000008381903,0.0,0.0,1.9999999999527063,0.9999999999763531,0.0,0.0,0.0,0.0,0.0,0.0,0.0,0.0,246.00000004284084,0.0,0.0,0.0,0.0,0.0,0.0,609.000000054948,0.0,10924.000000235765,807.0000000082018,11691.000000249915
2021-12-16 22:25:44+01:00,0.0,0.0,0.0,0.0,0.0,0.0,0.0,0.0,0.0,2599.000000045635,10.999999998603016,0.0,0.0,0.0,0.0,144.00000000023283,260.999999998603,0.0,0.0,116.99999999837019,489.9999999906868,0.0,0.0,9.99999999839929,787.999999942258,0.0,4594.99999997206,0.0,1.9999999999527063,0.0,0.0,94.99999997206032,0.0,120.99999998463318,24.999999994179234,0.0,0.0,608.0000000074506,141.00000000325963,0.0,463.99999991990626,0.0,0.0,1.9999999999527063,1.9999999999527063,0.0,0.0,0.0,0.0,0.0,0.0,0.0,0.0,244.9999999953434,0.0,0.0,0.0,0.0,0.0,0.0,611.9999999646097,0.0,10489.999999855627,810.999999939213,11254.99999980093
2021-12-16 22:25:52+01:00,0.0,0.0,0.0,0.0,0.0,0.0,0.0,0.0,0.0,2621.999999973923,10.999999998603016,0.0,0.0,0.0,0.0,144.00000000023283,261.9999999878928,0.0,0.0,117.99999999857391,442.9999999701977,0.0,0.0,8.999999998195563,785.9999999636784,0.0,4591.999999945983,0.0,1.0000000002037268,0.0,0.0,90.00000002561137,0.0,114.99999999068677,24.999999994179234,0.0,0.0,608.0000000074506,139.00000002468005,0.0,463.99999991990626,0.0,0.0,0.9999999999763531,1.9999999999527063,0.0,0.0,0.0,0.0,0.0,0.0,0.0,0.0,246.00000004284084,0.0,0.0,0.0,0.0,0.0,0.0,611.9999999646097,0.0,10451.999999855389,807.9999999606571,11215.999999822088
2021-12-16 22:26:00+01:00,0.0,0.0,0.0,0.0,0.0,0.0,0.0,0.0,0.0,2636.0000000568107,10.999999998603016,0.0,0.0,0.0,0.0,144.00000000023283,261.9999999878928,0.0,0.0,117.99999999857391,416.99999989941716,0.0,0.0,9.99999999839929,802.9999999562278,0.0,4612.999999895692,0.0,1.0000000002037268,0.0,0.0,88.99999997811392,0.0,114.99999999068677,25.99999999802094,0.0,0.0,608.9999999385327,141.00000000325963,0.0,463.99999991990626,0.0,0.0,0.9999999999763531,1.9999999999527063,0.0,0.0,0.0,0.0,0.0,0.0,0.0,0.0,246.00000004284084,0.0,0.0,0.0,0.0,0.0,0.0,611.0000000335276,0.0,10461.999999744648,825.9999999534102,11241.999999703694
2021-12-16 22:26:08+01:00,0.0,0.0,0.0,0.0,0.0,0.0,0.0,0.0,0.0,2638.9999999664724,10.999999998603016,0.0,0.0,0.0,0.0,143.00000001094304,260.999999998603,0.0,0.0,116.99999999837019,868.9999999478459,0.0,0.0,8.999999998195563,798.9999999990687,0.0,4608.999999938533,0.0,1.9999999999527063,0.0,0.0,88.99999997811392,0.0,114.99999999068677,24.999999994179234,0.0,0.0,608.0000000074506,140.00000001396984,0.0,465.00000008381903,0.0,0.0,1.9999999999527063,1.9999999999527063,0.0,0.0,0.0,0.0,0.0,0.0,0.0,0.0,243.99999994784594,0.0,0.0,0.0,0.0,0.0,0.0,609.000000054948,0.0,10904.999999940173,820.99999999582,11681.99999994249
2021-12-16 22:26:16+01:00,0.0,0.0,0.0,0.0,0.0,0.0,0.0,0.0,0.0,2653.999999980442,10.999999998603016,0.0,0.0,0.0,0.0,144.00000000023283,260.999999998603,0.0,0.0,117.99999999857391,580.0000000745058,0.0,0.0,9.99999999839929,785.9999999636784,0.0,4615.999999921769,0.0,1.0000000002037268,0.0,0.0,90.00000002561137,0.0,114.99999999068677,25.99999999802094,0.0,0.0,608.9999999385327,141.00000000325963,0.0,465.00000008381903,0.0,0.0,0.9999999999763531,0.9999999999763531,0.0,0.0,0.0,0.0,0.0,0.0,0.0,0.0,243.99999994784594,0.0,0.0,0.0,0.0,0.0,0.0,597.9999999981374,0.0,10630.999999961205,807.9999999608845,11394.999999927677
2021-12-16 22:26:24+01:00,0.0,0.0,0.0,0.0,0.0,0.0,0.0,0.0,0.0,2662.999999942258,10.999999998603016,0.0,0.0,0.0,0.0,144.00000000023283,261.9999999878928,0.0,0.0,117.99999999857391,580.0000000745058,0.0,0.0,8.999999998195563,785.9999999636784,0.0,4621.000000042841,0.0,1.9999999999527063,0.0,0.0,90.00000002561137,0.0,114.99999999068677,24.999999994179234,0.0,0.0,608.9999999385327,140.00000001396984,0.0,465.00000008381903,0.0,0.0,1.9999999999527063,1.9999999999527063,0.0,0.0,0.0,0.0,0.0,0.0,0.0,0.0,244.9999999953434,0.0,0.0,0.0,0.0,0.0,0.0,550.9999999776483,0.0,10600.000000074488,807.9999999604297,11364.000000041415
2021-12-16 22:26:32+01:00,0.0,0.0,0.0,0.0,0.0,0.0,0.0,0.0,0.0,2699.0000000223517,10.999999998603016,0.0,0.0,0.0,0.0,144.00000000023283,260.999999998603,0.0,0.0,116.99999999837019,577.9999999795109,0.0,0.0,9.99999999839929,785.9999999636784,0.0,4621.999999973923,0.0,1.0000000002037268,0.0,0.0,90.00000002561137,0.0,114.99999999068677,24.999999994179234,0.0,0.0,608.0000000074506,140.00000001396984,0.0,465.00000008381903,0.0,0.0,1.9999999999527063,1.9999999999527063,0.0,0.0,0.0,0.0,0.0,0.0,0.0,0.0,246.00000004284084,0.0,0.0,0.0,0.0,0.0,0.0,543.9999999944121,0.0,10626.000000134809,807.9999999608845,11390.000000101281
2021-12-16 22:26:40+01:00,0.0,0.0,0.0,0.0,0.0,0.0,0.0,0.0,0.0,2685.0000000558794,10.999999998603016,0.0,0.0,0.0,0.0,144.00000000023283,261.9999999878928,0.0,0.0,117.99999999857391,578.999999910593,0.0,0.0,8.999999998195563,785.9999999636784,0.0,4614.000000059605,0.0,1.9999999999527063,0.0,0.0,88.99999997811392,0.0,114.99999999068677,25.99999999802094,0.0,0.0,608.9999999385327,140.00000001396984,0.0,466.00000001490116,0.0,0.0,0.9999999999763531,0.9999999999763531,0.0,0.0,0.0,0.0,0.0,0.0,0.0,0.0,243.99999994784594,0.0,0.0,0.0,0.0,0.0,0.0,550.0000000465661,0.0,10610.999999942123,807.9999999604297,11374.99999990905
2021-12-16 22:26:48+01:00,0.0,0.0,0.0,0.0,0.0,0.0,0.0,0.0,0.0,2692.0000000391155,10.999999998603016,0.0,0.0,0.0,0.0,144.99999998952262,265.00000001396984,0.0,0.0,119.99999999898137,574.0000000223517,0.0,0.0,9.99999999839929,785.0000000325963,0.0,4611.000000033528,0.0,1.0000000002037268,0.0,0.0,88.99999997811392,0.0,114.99999999068677,24.999999994179234,0.0,0.0,608.9999999385327,140.00000001396984,0.0,465.00000008381903,0.0,0.0,1.9999999999527063,1.9999999999527063,0.0,0.0,0.0,0.0,0.0,0.0,0.0,0.0,243.99999994784594,0.0,0.0,0.0,0.0,0.0,0.0,604.0000000502914,0.0,10670.000000103755,807.0000000298023,11433.000000139145
2021-12-16 22:26:56+01:00,0.0,0.0,0.0,0.0,0.0,0.0,0.0,0.0,0.0,2682.9999999608845,10.999999998603016,0.0,0.0,0.0,0.0,144.00000000023283,263.0000000062864,0.0,0.0,118.99999999877764,571.9999999273568,0.0,0.0,8.999999998195563,783.9999999850988,0.0,4612.999999895692,0.0,1.9999999999527063,0.0,0.0,90.00000002561137,0.0,114.99999999068677,24.999999994179234,0.0,0.0,608.9999999385327,140.00000001396984,0.0,465.00000008381903,0.0,0.0,0.9999999999763531,1.9999999999527063,0.0,0.0,0.0,0.0,0.0,0.0,0.0,0.0,243.99999994784594,0.0,0.0,0.0,0.0,0.0,0.0,572.9999999748543,0.0,10627.999999767098,806.9999999818265,11388.99999975547
2021-12-16 22:27:04+01:00,0.0,0.0,0.0,0.0,0.0,0.0,0.0,0.0,0.0,2709.000000031665,10.999999998603016,0.0,0.0,0.0,0.0,144.00000000023283,260.999999998603,0.0,0.0,116.99999999837019,570.9999999962747,0.0,0.0,9.99999999839929,785.0000000325963,0.0,4614.000000059605,0.0,1.0000000002037268,0.0,0.0,88.99999997811392,0.0,114.00000000139698,25.99999999802094,0.0,0.0,608.9999999385327,141.00000000325963,0.0,466.00000001490116,0.0,0.0,1.9999999999527063,0.9999999999763531,0.0,0.0,0.0,0.0,0.0,0.0,0.0,0.0,263.00000003539026,0.0,0.0,0.0,0.0,0.0,0.0,528.9999999804422,0.0,10622.000000035996,806.000000029826,11386.000000071363
2021-12-16 22:27:12+01:00,0.0,0.0,0.0,0.0,0.0,0.0,0.0,0.0,0.0,2704.9999999580905,10.999999998603016,0.0,0.0,0.0,0.0,144.00000000023283,265.00000001396984,0.0,0.0,114.00000000139698,570.0000000651926,0.0,0.0,8.999999998195563,783.9999999850988,0.0,4611.99999996461,0.0,1.9999999999527063,0.0,0.0,90.00000002561137,0.0,114.99999999068677,24.999999994179234,0.0,0.0,608.9999999385327,140.00000001396984,0.0,465.00000008381903,0.0,0.0,1.9999999999527063,1.9999999999527063,0.0,0.0,0.0,0.0,0.0,0.0,0.0,0.0,261.9999999878928,0.0,0.0,0.0,0.0,0.0,0.0,523.9999999757856,0.0,10612.000000022363,805.9999999818501,11374.00000001071
2021-12-16 22:27:20+01:00,0.0,0.0,0.0,0.0,0.0,0.0,0.0,0.0,0.0,2704.9999999580905,10.999999998603016,0.0,0.0,0.0,0.0,144.00000000023283,274.99999999417923,0.0,0.0,95.00000000116415,563.0000000819564,0.0,0.0,9.99999999839929,783.0000000540167,0.0,4597.000000067055,0.0,1.0000000002037268,0.0,0.0,88.99999997811392,0.0,114.99999999068677,24.999999994179234,0.0,0.0,608.0000000074506,139.00000002468005,0.0,466.00000001490116,0.0,0.0,1.9999999999527063,1.9999999999527063,0.0,0.0,0.0,0.0,0.0,0.0,0.0,0.0,261.9999999878928,0.0,0.0,0.0,0.0,0.0,0.0,586.0000000102445,0.0,10641.000000119675,805.0000000512227,11402.000000176486
2021-12-16 22:27:28+01:00,0.0,0.0,0.0,0.0,0.0,0.0,0.0,0.0,0.0,2712.000000057742,11.999999998806743,0.0,0.0,0.0,0.0,144.00000000023283,276.00000001257285,0.0,0.0,96.00000000136788,563.0000000819564,0.0,0.0,9.99999999839929,802.9999999562278,0.0,4604.000000050291,0.0,1.9999999999527063,0.0,0.0,88.99999997811392,0.0,114.99999999068677,25.99999999802094,0.0,0.0,610.0000001024455,140.00000001396984,0.0,465.00000008381903,0.0,0.0,0.9999999999763531,1.9999999999527063,0.0,0.0,0.0,0.0,0.0,0.0,0.0,0.0,263.00000003539026,0.0,0.0,0.0,0.0,0.0,0.0,596.9999999506399,0.0,10673.000000358343,827.9999999533629,11451.000000317435
2021-12-16 22:27:36+01:00,0.0,0.0,0.0,0.0,0.0,0.0,0.0,0.0,0.0,2471.99999995064,10.999999998603016,0.0,0.0,0.0,0.0,144.00000000023283,276.00000001257285,0.0,0.0,96.00000000136788,563.0000000819564,0.0,0.0,8.999999998195563,802.9999999562278,0.0,4605.999999912456,0.0,1.0000000002037268,0.0,0.0,90.00000002561137,0.0,114.99999999068677,24.999999994179234,0.0,0.0,608.9999999385327,139.00000002468005,0.0,466.00000001490116,0.0,0.0,0.9999999999763531,0.9999999999763531,0.0,0.0,0.0,0.0,0.0,0.0,0.0,0.0,263.00000003539026,0.0,0.0,0.0,0.0,0.0,0.0,547.9999999515712,0.0,10382.999999943422,823.9999999532301,11164.999999902648
2021-12-16 22:27:44+01:00,0.0,0.0,0.0,0.0,0.0,0.0,0.0,0.0,0.0,1476.9999999552965,10.999999998603016,0.0,0.0,0.0,0.0,144.00000000023283,274.99999999417923,0.0,0.0,96.00000000136788,564.0000000130385,0.0,0.0,8.999999998195563,800.9999999776483,0.0,4608.999999938533,0.0,1.0000000002037268,0.0,0.0,88.99999997811392,0.0,114.00000000139698,25.99999999802094,0.0,0.0,608.0000000074506,140.00000001396984,0.0,465.00000008381903,0.0,0.0,0.9999999999763531,1.9999999999527063,0.0,0.0,0.0,0.0,0.0,0.0,0.0,0.0,261.0000000568107,0.0,0.0,0.0,0.0,0.0,0.0,525.9999999543652,0.0,9363.999999997532,822.9999999746269,10142.999999978201
2021-12-16 22:27:52+01:00,0.0,0.0,0.0,0.0,0.0,0.0,0.0,0.0,0.0,1469.9999999720603,10.999999998603016,0.0,0.0,0.0,0.0,144.00000000023283,276.00000001257285,0.0,0.0,96.00000000136788,561.9999999180436,0.0,0.0,9.99999999839929,802.9999999562278,0.0,4607.000000076368,0.0,1.9999999999527063,0.0,0.0,90.00000002561137,0.0,114.99999999068677,24.999999994179234,0.0,0.0,608.9999999385327,139.00000002468005,0.0,466.00000001490116,0.0,0.0,1.9999999999527063,1.9999999999527063,0.0,0.0,0.0,0.0,0.0,0.0,0.0,0.0,261.0000000568107,0.0,0.0,0.0,0.0,0.0,0.0,559.0000000083819,0.0,9392.000000043026,825.9999999531829,10172.0000000023
2021-12-16 22:28:00+01:00,0.0,0.0,0.0,0.0,0.0,0.0,0.0,0.0,0.0,1481.000000028871,10.999999998603016,0.0,0.0,0.0,0.0,144.99999998952262,276.00000001257285,0.0,0.0,96.00000000136788,560.9999999869615,0.0,0.0,8.999999998195563,800.9999999776483,0.0,4601.000000024214,0.0,1.0000000002037268,0.0,0.0,90.00000002561137,0.0,115.99999997997656,24.999999994179234,0.0,0.0,608.0000000074506,139.00000002468005,0.0,466.00000001490116,0.0,0.0,1.9999999999527063,1.9999999999527063,0.0,0.0,0.0,0.0,0.0,0.0,0.0,0.0,261.0000000568107,0.0,0.0,0.0,0.0,0.0,0.0,626.9999999785796,0.0,9463.000000134343,821.9999999746506,10243.00000011499
2021-12-16 22:28:08+01:00,0.0,0.0,0.0,0.0,0.0,0.0,0.0,0.0,0.0,1484.000000054948,10.999999998603016,0.0,0.0,0.0,0.0,144.00000000023283,274.99999999417923,0.0,0.0,97.0000000015716,560.9999999869615,0.0,0.0,9.99999999839929,802.0000000251457,0.0,4611.99999996461,0.0,1.9999999999527063,0.0,0.0,90.00000002561137,0.0,114.99999999068677,25.99999999802094,0.0,0.0,608.0000000074506,139.00000002468005,0.0,466.00000001490116,0.0,0.0,1.9999999999527063,0.9999999999763531,0.0,0.0,0.0,0.0,0.0,0.0,0.0,0.0,261.0000000568107,0.0,0.0,0.0,0.0,0.0,0.0,636.0000000568107,0.0,9484.000000178412,824.0000000221244,10264.000000206579
2021-12-16 22:28:16+01:00,0.0,0.0,0.0,0.0,0.0,0.0,0.0,0.0,0.0,1471.99999995064,10.999999998603016,0.0,0.0,0.0,0.0,144.00000000023283,274.99999999417923,0.0,0.0,96.00000000136788,561.9999999180436,0.0,0.0,9.99999999839929,770.0000000186265,0.0,4610.0000001024455,0.0,1.0000000002037268,0.0,0.0,90.00000002561137,0.0,114.99999999068677,24.999999994179234,0.0,0.0,608.9999999385327,140.00000001396984,0.0,466.9999999459833,0.0,0.0,1.9999999999527063,1.9999999999527063,0.0,0.0,0.0,0.0,0.0,0.0,0.0,0.0,260.0000000093132,0.0,0.0,0.0,0.0,0.0,0.0,591.9999999459833,0.0,9428.999999840016,792.0000000158325,10176.999999861437
2021-12-16 22:28:24+01:00,0.0,0.0,0.0,0.0,0.0,0.0,0.0,0.0,0.0,1466.9999999459833,10.999999998603016,0.0,0.0,0.0,0.0,144.00000000023283,276.00000001257285,0.0,0.0,96.00000000136788,561.9999999180436,0.0,0.0,8.999999998195563,513.0000000353903,0.0,4611.99999996461,0.0,1.9999999999527063,0.0,0.0,88.99999997811392,0.0,114.99999999068677,25.99999999802094,0.0,0.0,608.9999999385327,139.00000002468005,0.0,466.9999999459833,0.0,0.0,1.9999999999527063,0.9999999999763531,0.0,0.0,0.0,0.0,0.0,0.0,0.0,0.0,261.0000000568107,0.0,0.0,0.0,0.0,0.0,0.0,545.0000000419095,0.0,9376.999999818281,534.0000000321652,9868.999999856896
2021-12-16 22:28:32+01:00,0.0,0.0,0.0,0.0,0.0,0.0,0.0,0.0,0.0,1467.9999999934807,10.999999998603016,0.0,0.0,0.0,0.0,143.00000001094304,271.00000000791624,0.0,0.0,93.0000000007567,561.9999999180436,0.0,0.0,9.99999999839929,525.0000000232831,0.0,4587.999999988824,0.0,1.0000000002037268,0.0,0.0,90.00000002561137,0.0,114.99999999068677,24.999999994179234,0.0,0.0,604.9999999813735,136.9999999878928,0.0,463.99999991990626,0.0,0.0,1.9999999999527063,1.9999999999527063,0.0,0.0,0.0,0.0,0.0,0.0,0.0,0.0,261.9999999878928,0.0,0.0,0.0,0.0,0.0,0.0,597.9999999981374,0.0,9392.999999814492,547.0000000204891,9895.99999984057
2021-12-16 22:28:40+01:00,0.0,0.0,0.0,0.0,0.0,0.0,0.0,0.0,0.0,1476.0000000242144,10.999999998603016,0.0,0.0,0.0,0.0,144.99999998952262,271.99999999720603,0.0,0.0,92.00000000055297,561.9999999180436,0.0,0.0,9.99999999839929,508.00000003073364,0.0,4574.000000022352,0.0,1.9999999999527063,0.0,0.0,88.99999997811392,0.0,114.99999999068677,25.99999999802094,0.0,0.0,604.9999999813735,139.00000002468005,0.0,462.000000057742,0.0,0.0,0.9999999999763531,1.9999999999527063,0.0,0.0,0.0,0.0,0.0,0.0,0.0,0.0,261.0000000568107,0.0,0.0,0.0,0.0,0.0,0.0,596.9999999506399,0.0,9386.999999990849,532.000000027665,9871.000000024651
2021-12-16 22:28:48+01:00,0.0,0.0,0.0,0.0,0.0,0.0,0.0,0.0,0.0,1472.9999999981374,11.999999998806743,0.0,0.0,0.0,0.0,144.00000000023283,271.00000000791624,0.0,0.0,92.00000000055297,560.0000000558794,0.0,0.0,8.999999998195563,484.99999998603016,0.0,4570.999999996275,0.0,1.0000000002037268,0.0,0.0,88.99999997811392,0.0,114.00000000139698,24.999999994179234,0.0,0.0,604.9999999813735,139.00000002468005,0.0,462.99999998882413,0.0,0.0,0.9999999999763531,1.9999999999527063,0.0,0.0,0.0,0.0,0.0,0.0,0.0,0.0,261.0000000568107,0.0,0.0,0.0,0.0,0.0,0.0,586.0000000102445,0.0,9366.00000010344,507.99999998321255,9828.000000092288
2021-12-16 22:28:56+01:00,0.0,0.0,0.0,0.0,0.0,0.0,0.0,0.0,0.0,1474.999999976717,10.999999998603016,0.0,0.0,0.0,0.0,144.00000000023283,271.00000000791624,0.0,0.0,91.00000000034925,549.000000115484,0.0,0.0,9.99999999839929,481.000000028871,0.0,4571.999999927357,0.0,1.9999999999527063,0.0,0.0,88.99999997811392,0.0,114.99999999068677,24.999999994179234,0.0,0.0,604.0000000502914,137.9999999771826,0.0,462.000000057742,0.0,0.0,0.9999999999763531,1.9999999999527063,0.0,0.0,0.0,0.0,0.0,0.0,0.0,0.0,260.0000000093132,0.0,0.0,0.0,0.0,0.0,0.0,584.000000031665,0.0,9353.000000125803,505.00000002580236,9810.000000157743
2021-12-16 22:29:04+01:00,0.0,0.0,0.0,0.0,0.0,0.0,0.0,0.0,0.0,1469.9999999720603,10.999999998603016,0.0,0.0,0.0,0.0,144.00000000023283,271.00000000791624,0.0,0.0,92.00000000055297,547.0000000204891,0.0,0.0,8.999999998195563,481.000000028871,0.0,4568.99999990128,0.0,1.0000000002037268,0.0,0.0,90.00000002561137,0.0,114.99999999068677,25.99999999802094,0.0,0.0,605.9999999124557,139.00000002468005,0.0,462.99999998882413,0.0,0.0,1.9999999999527063,0.9999999999763531,0.0,0.0,0.0,0.0,0.0,0.0,0.0,0.0,261.0000000568107,0.0,0.0,0.0,0.0,0.0,0.0,557.9999999608845,0.0,9318.99999986149,501.00000002589695,9779.999999893334
2021-12-16 22:29:12+01:00,0.0,0.0,0.0,0.0,0.0,0.0,0.0,0.0,0.0,1484.000000054948,10.999999998603016,0.0,0.0,0.0,0.0,144.00000000023283,269.9999999895226,0.0,0.0,91.00000000034925,546.000000089407,0.0,0.0,9.99999999839929,496.99999997392297,0.0,4564.999999944121,0.0,1.9999999999527063,0.0,0.0,90.00000002561137,0.0,114.99999999068677,24.999999994179234,0.0,0.0,601.9999999552965,141.00000000325963,0.0,458.00000010058284,0.0,0.0,1.9999999999527063,1.9999999999527063,0.0,0.0,0.0,0.0,0.0,0.0,0.0,0.0,261.0000000568107,0.0,0.0,0.0,0.0,0.0,0.0,533.0000000540167,0.0,9298.00000026762,519.999999970878,9772.000000244589
2021-12-16 22:29:20+01:00,0.0,0.0,0.0,0.0,0.0,0.0,0.0,0.0,0.0,1466.0000000149012,10.999999998603016,0.0,0.0,0.0,0.0,144.00000000023283,269.9999999895226,0.0,0.0,91.00000000034925,544.9999999254942,0.0,0.0,8.999999998195563,488.9999999431893,0.0,4549.000000115484,0.0,1.0000000002037268,0.0,0.0,90.00000002561137,0.0,114.99999999068677,24.999999994179234,0.0,0.0,598.9999999292195,140.00000001396984,0.0,456.99999993667006,0.0,0.0,1.9999999999527063,1.9999999999527063,0.0,0.0,0.0,0.0,0.0,0.0,0.0,0.0,261.0000000568107,0.0,0.0,0.0,0.0,0.0,0.0,603.000000002794,0.0,9326.00000000457,509.9999999401916,9793.999999950756
2021-12-16 22:29:28+01:00,0.0,0.0,0.0,0.0,0.0,0.0,0.0,0.0,0.0,1359.000000054948,10.999999998603016,0.0,0.0,0.0,0.0,144.00000000023283,269.9999999895226,0.0,0.0,91.00000000034925,543.9999999944121,0.0,0.0,9.99999999839929,469.9999999720603,0.0,4553.000000072643,0.0,1.9999999999527063,0.0,0.0,88.99999997811392,0.0,115.99999997997656,25.99999999802094,0.0,0.0,598.9999999292195,139.00000002468005,0.0,456.00000000558794,0.0,0.0,0.9999999999763531,0.9999999999763531,0.0,0.0,0.0,0.0,0.0,0.0,0.0,0.0,261.0000000568107,0.0,0.0,0.0,0.0,0.0,0.0,628.9999999571592,0.0,9247.00000004259,492.99999996901533,9694.000000017695
2021-12-16 22:29:36+01:00,0.0,0.0,0.0,0.0,0.0,0.0,0.0,0.0,0.0,881.9999999832362,10.999999998603016,0.0,0.0,0.0,0.0,144.00000000023283,269.00000000023283,0.0,0.0,88.99999999994179,544.9999999254942,0.0,0.0,9.99999999839929,474.99999997671694,0.0,4547.000000020489,0.0,1.0000000002037268,0.0,0.0,87.99999998882413,0.0,113.0000000121072,24.999999994179234,0.0,0.0,600.0000000931323,139.00000002468005,0.0,456.99999993667006,0.0,0.0,0.9999999999763531,1.9999999999527063,0.0,0.0,0.0,0.0,0.0,0.0,0.0,0.0,261.0000000568107,0.0,0.0,0.0,0.0,0.0,0.0,604.0000000502914,0.0,8736.000000095146,497.9999999738993,9188.00000007468
2021-12-16 22:29:44+01:00,0.0,0.0,0.0,0.0,0.0,0.0,0.0,0.0,0.0,873.9999999525025,10.999999998603016,0.0,0.0,0.0,0.0,144.00000000023283,269.9999999895226,0.0,0.0,91.00000000034925,543.9999999944121,0.0,0.0,8.999999998195563,469.0000000409782,0.0,4554.000000003725,0.0,1.0000000002037268,0.0,0.0,14.000000024680048,0.0,41.00000002654269,25.99999999802094,0.0,0.0,600.0000000931323,140.00000001396984,0.0,456.99999993667006,0.0,0.0,1.9999999999527063,1.9999999999527063,0.0,0.0,0.0,0.0,0.0,0.0,0.0,0.0,260.0000000093132,0.0,0.0,0.0,0.0,0.0,0.0,547.0000000204891,0.0,8531.000000064523,490.0000000379805,8979.000000108499
2021-12-16 22:29:52+01:00,0.0,0.0,0.0,0.0,0.0,0.0,0.0,0.0,0.0,834.9999999627471,10.999999998603016,0.0,0.0,0.0,0.0,144.00000000023283,271.99999999720603,0.0,0.0,92.00000000055297,544.9999999254942,0.0,0.0,8.999999998195563,466.00000001490116,0.0,879.9999998882413,0.0,1.9999999999527063,0.0,0.0,15.000000013969839,0.0,39.99999997904524,24.999999994179234,0.0,0.0,604.9999999813735,140.00000001396984,0.0,462.000000057742,0.0,0.0,0.9999999999763531,1.9999999999527063,0.0,0.0,0.0,0.0,0.0,0.0,0.0,0.0,258.9999999618158,0.0,0.0,0.0,0.0,0.0,0.0,591.9999999459833,0.0,4878.999999730922,489.0000000116288,5321.999999749096
2021-12-16 22:30:00+01:00,0.0,0.0,0.0,0.0,0.0,0.0,0.0,0.0,0.0,837.9999999888241,10.999999998603016,0.0,0.0,0.0,0.0,144.99999998952262,272.9999999864958,0.0,0.0,93.0000000007567,543.9999999944121,0.0,0.0,9.99999999839929,474.0000000456348,0.0,290.99999996833503,0.0,1.0000000002037268,0.0,0.0,14.000000024680048,0.0,39.99999997904524,25.99999999802094,0.0,0.0,605.9999999124557,140.00000001396984,0.0,462.000000057742,0.0,0.0,1.9999999999527063,0.9999999999763531,0.0,0.0,0.0,0.0,0.0,0.0,0.0,0.0,260.0000000093132,0.0,0.0,0.0,0.0,0.0,0.0,611.0000000335276,0.0,4311.999999958289,495.0000000428645,4765.000000006694
2021-12-16 22:30:08+01:00,0.0,0.0,0.0,0.0,0.0,0.0,0.0,0.0,0.0,826.0000000009313,10.999999998603016,0.0,0.0,0.0,0.0,144.99999998952262,271.99999999720603,0.0,0.0,92.00000000055297,543.9999999944121,0.0,0.0,8.999999998195563,476.9999999552965,0.0,289.0000001061708,0.0,1.0000000002037268,0.0,0.0,15.000000013969839,0.0,41.00000002654269,24.999999994179234,0.0,0.0,605.9999999124557,141.00000000325963,0.0,462.000000057742,0.0,0.0,1.9999999999527063,1.9999999999527063,0.0,0.0,0.0,0.0,0.0,0.0,0.0,0.0,261.0000000568107,0.0,0.0,0.0,0.0,0.0,0.0,594.0000000409782,0.0,4284.000000203378,497.9999999522988,4740.000000161672
2021-12-16 22:30:16+01:00,0.0,0.0,0.0,0.0,0.0,0.0,0.0,0.0,0.0,810.9999999869615,11.999999998806743,0.0,0.0,0.0,0.0,144.00000000023283,274.00000000488944,0.0,0.0,95.00000000116415,541.9999998994172,0.0,0.0,8.999999998195563,491.0000000381842,0.0,293.99999999441206,0.0,1.0000000002037268,0.0,0.0,14.000000024680048,0.0,39.99999997904524,25.99999999802094,0.0,0.0,612.9999998956919,141.99999999254942,0.0,468.00000010989606,0.0,0.0,1.9999999999527063,1.9999999999527063,0.0,0.0,0.0,0.0,0.0,0.0,0.0,0.0,258.00000003073364,0.0,0.0,0.0,0.0,0.0,0.0,591.9999999459833,0.0,4282.999999864842,513.0000000353903,4751.99999990582
2021-12-16 22:30:24+01:00,0.0,0.0,0.0,0.0,0.0,0.0,0.0,0.0,0.0,814.0000000130385,10.999999998603016,0.0,0.0,0.0,0.0,144.00000000023283,276.00000001257285,0.0,0.0,97.0000000015716,543.0000000633299,0.0,0.0,9.99999999839929,489.9999999906868,0.0,301.9999999087304,0.0,1.0000000002037268,0.0,0.0,15.000000013969839,0.0,39.99999997904524,24.999999994179234,0.0,0.0,625.9999999310821,153.99999998044223,0.0,469.0000000409782,0.0,0.0,1.9999999999527063,0.9999999999763531,0.0,0.0,0.0,0.0,0.0,0.0,0.0,0.0,258.9999999618158,0.0,0.0,0.0,0.0,0.0,0.0,594.0000000409782,0.0,4328.999999950838,510.99999998791645,4797.999999944295
2021-12-16 22:30:32+01:00,0.0,0.0,0.0,0.0,0.0,0.0,0.0,0.0,0.0,844.9999999720603,10.999999998603016,0.0,0.0,0.0,0.0,144.00000000023283,277.00000000186265,0.0,0.0,97.0000000015716,543.0000000633299,0.0,0.0,8.999999998195563,481.000000028871,0.0,300.00000004656613,0.0,1.9999999999527063,0.0,0.0,14.000000024680048,0.0,39.99999997904524,24.999999994179234,0.0,0.0,611.9999999646097,139.00000002468005,0.0,469.0000000409782,0.0,0.0,0.9999999999763531,1.9999999999527063,0.0,0.0,0.0,0.0,0.0,0.0,0.0,0.0,261.0000000568107,0.0,0.0,0.0,0.0,0.0,0.0,596.9999999506399,0.0,4336.000000129616,504.00000002559864,4794.000000161759
2021-12-16 22:30:40+01:00,0.0,0.0,0.0,0.0,0.0,0.0,0.0,0.0,0.0,850.0000009080395,11.000000700732926,0.0,0.0,0.0,0.0,143.99999970919453,278.00000039860606,0.0,0.0,99.00000010020449,542.9999991320074,0.0,-4.6566128730773926e-07,10.000000856962288,500.99999958183616,0.0,301.0000023059547,0.0,0.9999999301726348,0.0,0.0,14.000000432133675,0.0,39.9999997462146,26.000002239015885,0.0,0.0,610.9999970067292,136.99999806704,0.0,468.99999817833304,1.7462298274040222e-07,-2.444721758365631e-06,1.0000000156651367,2.0000000213258318,0.0,0.0,0.0,0.0,0.0,0.0,0.0,0.0,260.000002104789,0.0,0.0,0.0,0.0,0.0,0.0,594.9999990407377,0.0,4337.999994230813,523.9999990963042,4815.999994298181
2021-12-16 22:30:48+01:00,0.0,0.0,0.0,0.0,0.0,0.0,0.0,0.0,0.0,876.9999999785796,10.999999998603016,0.0,0.0,0.0,0.0,144.00000000023283,279.99999999883585,0.0,0.0,99.99999999854481,541.9999998994172,0.0,0.0,8.999999998195563,479.99999998137355,0.0,226.0000000242144,0.0,1.0000000002037268,0.0,0.0,14.000000024680048,0.0,38.99999998975545,24.000000004889444,0.0,0.0,614.0000000596046,139.00000002468005,0.0,472.0000000670552,0.0,0.0,1.9999999999527063,1.9999999999527063,0.0,0.0,0.0,0.0,0.0,0.0,0.0,0.0,260.0000000093132,0.0,0.0,0.0,0.0,0.0,0.0,594.9999999720603,0.0,4299.000000039086,500.99999997837585,4758.000000023458
2021-12-16 22:30:56+01:00,0.0,0.0,0.0,0.0,0.0,0.0,0.0,0.0,0.0,903.0000000493601,10.999999998603016,0.0,0.0,0.0,0.0,144.99999998952262,279.00000000954606,0.0,0.0,100.99999999874854,541.9999998994172,0.0,0.0,9.99999999839929,491.0000000381842,0.0,179.0000000037253,0.0,1.0000000002037268,0.0,0.0,15.000000013969839,0.0,45.999999972991645,31.000000002677552,0.0,0.0,614.0000000596046,139.00000002468005,0.0,472.0000000670552,0.0,0.0,1.9999999999527063,0.9999999999763531,0.0,0.0,0.0,0.0,0.0,0.0,0.0,0.0,258.9999999618158,0.0,0.0,0.0,0.0,0.0,0.0,594.9999999720603,0.0,4279.000000017049,512.0000000354139,4749.000000058004
2021-12-16 22:31:04+01:00,0.0,0.0,0.0,0.0,0.0,0.0,0.0,0.0,0.0,891.9999999925494,10.999999998603016,0.0,0.0,0.0,0.0,144.00000000023283,279.00000000954606,0.0,0.0,98.99999999834108,541.9999998994172,0.0,0.0,8.999999998195563,491.0000000381842,0.0,186.9999999180436,0.0,1.0000000002037268,0.0,0.0,14.000000024680048,0.0,45.999999972991645,32.00000000651926,0.0,0.0,611.9999999646097,137.9999999771826,0.0,470.99999990314245,0.0,0.0,0.9999999999763531,1.9999999999527063,0.0,0.0,0.0,0.0,0.0,0.0,0.0,0.0,258.9999999618158,0.0,0.0,0.0,0.0,0.0,0.0,597.9999999981374,0.0,4270.999999611149,513.0000000351629,4739.999999652355
2021-12-16 22:31:12+01:00,0.0,0.0,0.0,0.0,0.0,0.0,0.0,0.0,0.0,1679.0000000037253,10.999999998603016,0.0,0.0,0.0,0.0,143.00000001094304,279.99999999883585,0.0,0.0,100.99999999874854,541.9999998994172,0.0,0.0,9.99999999839929,493.99999994784594,0.0,196.99999992735684,0.0,1.9999999999527063,0.0,0.0,14.000000024680048,0.0,43.000000005122274,28.99999999499414,0.0,0.0,614.0000000596046,137.9999999771826,0.0,472.0000000670552,0.0,0.0,1.9999999999527063,1.9999999999527063,0.0,0.0,0.0,0.0,0.0,0.0,0.0,0.0,258.9999999618158,0.0,0.0,0.0,0.0,0.0,0.0,596.0000000195578,0.0,5071.999999956006,516.999999944801,5542.999999906897
2021-12-16 22:31:20+01:00,0.0,0.0,0.0,0.0,0.0,0.0,0.0,0.0,0.0,1846.0000000195578,10.999999998603016,0.0,0.0,0.0,0.0,144.99999998952262,279.00000000954606,0.0,0.0,99.99999999854481,540.999999968335,0.0,0.0,8.999999998195563,484.99999998603016,0.0,195.9999999962747,0.0,1.0000000002037268,0.0,0.0,14.000000024680048,0.0,43.999999994412065,28.99999999499414,0.0,0.0,614.0000000596046,137.9999999771826,0.0,472.0000000670552,0.0,0.0,0.9999999999763531,0.9999999999763531,0.0,0.0,0.0,0.0,0.0,0.0,0.0,0.0,258.9999999618158,0.0,0.0,0.0,0.0,0.0,0.0,594.0000000409782,0.0,5234.000000109518,505.99999998303247,5698.000000098546
2021-12-16 22:31:28+01:00,0.0,0.0,0.0,0.0,0.0,0.0,0.0,0.0,0.0,1939.0000000130385,10.999999998603016,0.0,0.0,0.0,0.0,144.00000000023283,271.00000000791624,0.0,0.0,110.00000000058208,540.999999968335,0.0,0.0,9.99999999839929,506.00000005215406,0.0,196.99999992735684,0.0,1.0000000002037268,0.0,0.0,15.000000013969839,0.0,43.999999994412065,29.999999998835847,0.0,0.0,614.9999999906868,137.9999999771826,0.0,472.99999999813735,0.0,0.0,0.9999999999763531,1.9999999999527063,0.0,0.0,0.0,0.0,0.0,0.0,0.0,0.0,260.0000000093132,0.0,0.0,0.0,0.0,0.0,0.0,591.9999999459833,0.0,5331.999999845493,529.0000000493364,5814.999999900465
2021-12-16 22:31:36+01:00,0.0,0.0,0.0,0.0,0.0,0.0,0.0,0.0,0.0,2001.9999999785796,10.999999998603016,0.0,0.0,0.0,0.0,144.00000000023283,261.9999999878928,0.0,0.0,117.99999999857391,945.0000000651926,0.0,0.0,8.999999998195563,503.99999995715916,0.0,196.99999992735684,0.0,1.0000000002037268,0.0,0.0,14.000000024680048,0.0,43.999999994412065,28.99999999499414,0.0,0.0,614.9999999906868,139.00000002468005,0.0,473.9999999292195,0.0,0.0,1.9999999999527063,1.9999999999527063,0.0,0.0,0.0,0.0,0.0,0.0,0.0,0.0,258.9999999618158,0.0,0.0,0.0,0.0,0.0,0.0,594.0000000409782,0.0,5798.999999926309,524.9999999541615,6281.999999886466
2021-12-16 22:31:44+01:00,0.0,0.0,0.0,0.0,0.0,0.0,0.0,0.0,0.0,2035.9999999636784,10.999999998603016,0.0,0.0,0.0,0.0,144.00000000023283,263.0000000062864,0.0,0.0,117.99999999857391,709.9999999627471,0.0,0.0,9.99999999839929,500.0,0.0,195.9999999962747,0.0,1.9999999999527063,0.0,0.0,15.000000013969839,0.0,44.999999983701855,29.999999998835847,0.0,0.0,615.9999999217689,139.00000002468005,0.0,472.99999999813735,0.0,0.0,1.9999999999527063,0.9999999999763531,0.0,0.0,0.0,0.0,0.0,0.0,0.0,0.0,258.00000003073364,0.0,0.0,0.0,0.0,0.0,0.0,594.0000000409782,0.0,5598.999999939906,521.9999999969787,6076.999999942927
2021-12-16 22:31:52+01:00,0.0,0.0,0.0,0.0,0.0,0.0,0.0,0.0,0.0,2062.999999965541,10.999999998603016,0.0,0.0,0.0,0.0,144.00000000023283,263.0000000062864,0.0,0.0,119.99999999898137,719.0000000409782,0.0,0.0,8.999999998195563,4400.999999954365,0.0,189.99999994412065,0.0,1.0000000002037268,0.0,0.0,15.000000013969839,0.0,43.999999994412065,28.99999999499414,0.0,0.0,611.0000000335276,137.9999999771826,0.0,469.9999999720603,0.0,0.0,1.9999999999527063,1.9999999999527063,0.0,0.0,0.0,0.0,0.0,0.0,0.0,0.0,258.00000003073364,0.0,0.0,0.0,0.0,0.0,0.0,589.9999999674037,0.0,5616.9999999474385,4421.9999999513675,9996.999999904801
2021-12-16 22:32:00+01:00,0.0,0.0,0.0,0.0,0.0,0.0,0.0,0.0,0.0,2091.000000014901,10.999999998603016,0.0,0.0,0.0,0.0,143.00000001094304,261.9999999878928,0.0,0.0,117.99999999857391,718.0000001098961,0.0,0.0,9.99999999839929,7067.000000039116,0.0,188.0000000819564,0.0,1.0000000002037268,0.0,0.0,15.000000013969839,0.0,43.999999994412065,28.99999999499414,0.0,0.0,611.0000000335276,140.00000001396984,0.0,466.9999999459833,0.0,0.0,1.9999999999527063,1.9999999999527063,0.0,0.0,0.0,0.0,0.0,0.0,0.0,0.0,258.00000003073364,0.0,0.0,0.0,0.0,0.0,0.0,592.9999999934807,0.0,5641.000000232452,7089.000000036322,12686.000000274362
2021-12-16 22:32:08+01:00,0.0,0.0,0.0,0.0,0.0,0.0,0.0,0.0,0.0,2079.9999999580905,10.999999998603016,0.0,0.0,0.0,0.0,144.00000000023283,260.999999998603,0.0,0.0,116.99999999837019,720.9999999031425,0.0,0.0,8.999999998195563,7023.0000000447035,0.0,193.9999999012798,0.0,1.0000000002037268,0.0,0.0,14.000000024680048,0.0,43.999999994412065,29.999999998835847,0.0,0.0,608.9999999385327,139.00000002468005,0.0,466.9999999459833,0.0,0.0,1.9999999999527063,0.9999999999763531,0.0,0.0,0.0,0.0,0.0,0.0,0.0,0.0,258.9999999618158,0.0,0.0,0.0,0.0,0.0,0.0,591.9999999459833,0.0,5630.999999593996,7043.000000041729,12633.999999641674
2021-12-16 22:32:16+01:00,0.0,0.0,0.0,0.0,0.0,0.0,0.0,0.0,0.0,2065.999999991618,11.999999998806743,0.0,0.0,0.0,0.0,143.00000001094304,263.0000000062864,0.0,0.0,118.99999999877764,719.9999999720603,0.0,0.0,8.999999998195563,6998.00000002142,0.0,189.99999994412065,0.0,1.0000000002037268,0.0,0.0,14.000000024680048,0.0,43.999999994412065,28.99999999499414,0.0,0.0,608.9999999385327,140.00000001396984,0.0,465.00000008381903,0.0,0.0,0.9999999999763531,1.9999999999527063,0.0,0.0,0.0,0.0,0.0,0.0,0.0,0.0,258.00000003073364,0.0,0.0,0.0,0.0,0.0,0.0,591.0000000149012,0.0,5616.000000027043,7021.000000018603,12591.000000051281
2021-12-16 22:32:24+01:00,0.0,0.0,0.0,0.0,0.0,0.0,0.0,0.0,0.0,2054.0000000037253,10.999999998603016,0.0,0.0,0.0,0.0,144.00000000023283,260.0000000093132,0.0,0.0,116.99999999837019,720.9999999031425,0.0,0.0,9.99999999839929,6994.999999995343,0.0,188.0000000819564,0.0,1.9999999999527063,0.0,0.0,15.000000013969839,0.0,43.999999994412065,29.999999998835847,0.0,0.0,608.9999999385327,139.00000002468005,0.0,466.00000001490116,0.0,0.0,0.9999999999763531,1.9999999999527063,0.0,0.0,0.0,0.0,0.0,0.0,0.0,0.0,258.00000003073364,0.0,0.0,0.0,0.0,0.0,0.0,587.000000057742,0.0,5596.000000069807,7018.999999992275,12567.00000006822
2021-12-16 22:32:32+01:00,0.0,0.0,0.0,0.0,0.0,0.0,0.0,0.0,0.0,2069.000000017695,10.999999998603016,0.0,0.0,0.0,0.0,143.00000001094304,260.0000000093132,0.0,0.0,117.99999999857391,720.9999999031425,0.0,0.0,9.99999999839929,7013.00000003539,0.0,193.9999999012798,0.0,1.0000000002037268,0.0,0.0,580.0000000162981,0.0,43.999999994412065,13.999999995576218,552.0000000033178,0.0,608.9999999385327,139.00000002468005,0.0,466.00000001490116,0.0,0.0,0.9999999999763531,1.9999999999527063,0.0,0.0,0.0,0.0,0.0,0.0,0.0,0.0,260.0000000093132,0.0,0.0,0.0,0.0,0.0,0.0,542.0000000158325,0.0,6705.999999859841,7036.000000032573,13695.99999989805
2021-12-16 22:32:40+01:00,0.0,0.0,0.0,0.0,0.0,0.0,0.0,0.0,0.0,2089.0000000363216,9.99999999839929,0.0,0.0,0.0,0.0,143.00000001094304,261.9999999878928,0.0,0.0,117.99999999857391,722.0000000670552,0.0,0.0,8.999999998195563,7003.000000026077,0.0,188.0000000819564,0.0,1.0000000002037268,0.0,0.0,993.0000000167638,0.0,43.999999994412065,0.0,951.9999999974971,0.0,610.0000001024455,137.9999999771826,0.0,468.00000010989606,0.0,0.0,0.9999999999763531,1.9999999999527063,0.0,0.0,0.0,0.0,0.0,0.0,0.0,0.0,258.9999999618158,0.0,0.0,0.0,0.0,0.0,0.0,525.0000000232831,0.0,7532.000000362814,7024.000000022852,14514.000000392116
2021-12-16 22:32:48+01:00,0.0,0.0,0.0,0.0,0.0,0.0,0.0,0.0,0.0,1991.9999999692664,10.999999998603016,0.0,0.0,0.0,0.0,144.00000000023283,261.9999999878928,0.0,0.0,117.99999999857391,723.9999999292195,0.0,0.0,9.99999999839929,7003.999999957159,0.0,189.99999994412065,0.0,1.0000000002037268,0.0,0.0,992.000000027474,0.0,44.999999983701855,0.0,951.9999999974971,0.0,608.9999999385327,140.00000001396984,0.0,466.9999999459833,0.0,0.0,1.9999999999527063,0.9999999999763531,0.0,0.0,0.0,0.0,0.0,0.0,0.0,0.0,258.9999999618158,0.0,0.0,0.0,0.0,0.0,0.0,521.999999997206,0.0,7436.999999692716,7024.999999954389,14419.999999652646
2021-12-16 22:32:56+01:00,0.0,0.0,0.0,0.0,0.0,0.0,0.0,0.0,0.0,1961.0000000102445,10.999999998603016,0.0,0.0,0.0,0.0,144.00000000023283,263.0000000062864,0.0,0.0,118.99999999877764,722.0000000670552,0.0,0.0,8.999999998195563,7003.999999957159,0.0,192.00000003911555,0.0,1.9999999999527063,0.0,0.0,992.000000027474,0.0,43.999999994412065,0.0,951.0000000009313,0.0,608.0000000074506,137.9999999771826,0.0,466.00000001490116,0.0,0.0,1.9999999999527063,1.9999999999527063,0.0,0.0,0.0,0.0,0.0,0.0,0.0,0.0,256.9999999832362,0.0,0.0,0.0,0.0,0.0,0.0,496.99999997392297,0.0,7376.000000097974,7025.99999995391,14358.000000058382
2021-12-16 22:33:04+01:00,0.0,0.0,0.0,0.0,0.0,0.0,0.0,0.0,0.0,1971.99999995064,11.999999998806743,0.0,0.0,0.0,0.0,143.00000001094304,260.999999998603,0.0,0.0,117.99999999857391,722.0000000670552,0.0,0.0,9.99999999839929,7010.000000009313,0.0,186.9999999180436,0.0,1.0000000002037268,0.0,0.0,989.9999999906868,0.0,38.99999998975545,0.0,953.9999999979045,0.0,608.9999999385327,140.00000001396984,0.0,466.9999999459833,0.0,0.0,1.9999999999527063,1.9999999999527063,0.0,0.0,0.0,0.0,0.0,0.0,0.0,0.0,256.9999999832362,0.0,0.0,0.0,0.0,0.0,0.0,523.9999999757856,0.0,7405.999999777123,7033.000000006723,14392.999999789026
2021-12-16 22:33:12+01:00,0.0,0.0,0.0,0.0,0.0,0.0,0.0,0.0,0.0,1978.000000002794,10.999999998603016,0.0,0.0,0.0,0.0,144.00000000023283,260.999999998603,0.0,0.0,117.99999999857391,720.9999999031425,0.0,0.0,8.999999998195563,7011.000000056811,0.0,189.99999994412065,0.0,1.0000000002037268,0.0,0.0,629.0000000153668,0.0,34.99999997438863,5.000000004656613,601.9999999989523,0.0,608.0000000074506,137.9999999771826,0.0,466.00000001490116,0.0,0.0,1.9999999999527063,0.9999999999763531,0.0,0.0,0.0,0.0,0.0,0.0,0.0,0.0,256.00000005215406,0.0,0.0,0.0,0.0,0.0,0.0,535.0000000325963,0.0,6695.999999912829,7031.000000053837,13686.999999972613
2021-12-16 22:33:20+01:00,0.0,0.0,0.0,0.0,0.0,0.0,0.0,0.0,0.0,1984.9999999860302,10.999999998603016,0.0,0.0,0.0,0.0,143.00000001094304,263.0000000062864,0.0,0.0,118.99999999877764,720.9999999031425,0.0,0.0,9.99999999839929,7016.999999992549,0.0,185.00000005587935,0.0,1.0000000002037268,0.0,0.0,22.999999986495823,0.0,36.00000002188608,13.000000006286427,0.0,0.0,610.0000001024455,139.00000002468005,0.0,466.9999999459833,0.0,0.0,1.9999999999527063,1.9999999999527063,0.0,0.0,0.0,0.0,0.0,0.0,0.0,0.0,256.9999999832362,0.0,0.0,0.0,0.0,0.0,0.0,555.9999999823049,0.0,5512.9999999990105,7038.999999989755,12507.999999994354
2021-12-16 22:33:28+01:00,0.0,0.0,0.0,0.0,0.0,0.0,0.0,0.0,0.0,2001.0000000474975,10.999999998603016,0.0,0.0,0.0,0.0,143.00000001094304,261.9999999878928,0.0,0.0,117.99999999857391,718.0000001098961,0.0,0.0,8.999999998195563,7008.999999961816,0.0,188.0000000819564,0.0,1.0000000002037268,0.0,0.0,22.999999986495823,0.0,34.99999997438863,12.000000002444722,0.0,0.0,610.0000001024455,137.9999999771826,0.0,468.00000010989606,0.0,0.0,1.9999999999527063,1.9999999999527063,0.0,0.0,0.0,0.0,0.0,0.0,0.0,0.0,258.00000003073364,0.0,0.0,0.0,0.0,0.0,0.0,555.9999999823049,0.0,5527.000000394764,7029.999999958818,12515.000000359578
2021-12-16 22:33:36+01:00,0.0,0.0,0.0,0.0,0.0,0.0,0.0,0.0,0.0,1996.0000000428408,11.999999998806743,0.0,0.0,0.0,0.0,146.00000000791624,266.00000000325963,0.0,0.0,120.99999999918509,719.9999999720603,0.0,0.0,10.999999998603016,7008.999999961816,0.0,189.99999994412065,0.0,1.0000000002037268,0.0,0.0,23.999999975785613,0.0,36.00000002188608,12.000000002444722,0.0,0.0,614.9999999906868,145.00000001862645,0.0,466.00000001490116,0.0,0.0,0.9999999999763531,0.9999999999763531,0.0,0.0,0.0,0.0,0.0,0.0,0.0,0.0,256.00000005215406,0.0,0.0,0.0,0.0,0.0,0.0,555.9999999823049,0.0,5549.000000020897,7032.999999959429,12533.999999985099
2021-12-16 22:33:44+01:00,0.0,0.0,0.0,0.0,0.0,0.0,0.0,0.0,0.0,2003.000000026077,10.999999998603016,0.0,0.0,0.0,0.0,143.00000001094304,261.9999999878928,0.0,0.0,117.99999999857391,716.9999999459833,0.0,0.0,8.999999998195563,7016.999999992549,0.0,186.9999999180436,0.0,1.9999999999527063,0.0,0.0,22.999999986495823,0.0,36.00000002188608,10.999999998603016,0.0,0.0,610.0000001024455,139.00000002468005,0.0,466.9999999459833,0.0,0.0,1.9999999999527063,1.9999999999527063,0.0,0.0,0.0,0.0,0.0,0.0,0.0,0.0,256.9999999832362,0.0,0.0,0.0,0.0,0.0,0.0,555.9999999823049,0.0,5528.999999932694,7038.999999989301,12523.999999928492
2021-12-16 22:33:52+01:00,0.0,0.0,0.0,0.0,0.0,0.0,0.0,0.0,0.0,2011.0000000568107,10.999999998603016,0.0,0.0,0.0,0.0,144.00000000023283,261.9999999878928,0.0,0.0,117.99999999857391,716.9999999459833,0.0,0.0,9.99999999839929,7016.999999992549,0.0,189.00000001303852,0.0,1.0000000002037268,0.0,0.0,22.999999986495823,0.0,36.00000002188608,12.000000002444722,0.0,0.0,611.0000000335276,140.00000001396984,0.0,468.00000010989606,0.0,0.0,1.9999999999527063,1.9999999999527063,0.0,0.0,0.0,0.0,0.0,0.0,0.0,0.0,256.9999999832362,0.0,0.0,0.0,0.0,0.0,0.0,584.9999999627471,0.0,5571.000000109052,7038.999999989755,12566.000000104395
2021-12-16 22:34:00+01:00,0.0,0.0,0.0,0.0,0.0,0.0,0.0,0.0,0.0,2001.9999999785796,11.999999998806743,0.0,0.0,0.0,0.0,144.00000000023283,263.0000000062864,0.0,0.0,117.99999999857391,719.9999999720603,0.0,0.0,8.999999998195563,7015.999999945052,0.0,185.00000005587935,0.0,1.0000000002037268,0.0,0.0,74.00000002235174,0.0,36.00000002188608,2.9999999969732016,42.00000000128057,0.0,611.0000000335276,141.00000000325963,0.0,466.9999999459833,0.0,0.0,1.9999999999527063,0.9999999999763531,0.0,0.0,0.0,0.0,0.0,0.0,0.0,0.0,256.9999999832362,0.0,0.0,0.0,0.0,0.0,0.0,599.0000000456348,0.0,5677.000000069029,7036.999999942282,12672.000000016851
2021-12-16 22:34:08+01:00,0.0,0.0,0.0,0.0,0.0,0.0,0.0,0.0,0.0,2001.0000000474975,8.999999998195563,0.0,0.0,0.0,0.0,141.99999999254942,260.0000000093132,0.0,0.0,117.99999999857391,716.9999999459833,0.0,0.0,9.99999999839929,7016.999999992549,0.0,192.00000003911555,0.0,1.0000000002037268,0.0,0.0,91.00000001490116,0.0,36.00000002188608,0.0,53.99999999644933,0.0,557.0000000298023,139.00000002468005,0.0,414.0000001061708,0.0,0.0,1.9999999999527063,1.9999999999527063,0.0,0.0,0.0,0.0,0.0,0.0,0.0,0.0,258.00000003073364,0.0,0.0,0.0,0.0,0.0,0.0,586.0000000102445,0.0,5585.000000264699,7036.999999989348,12582.00000026045
2021-12-16 22:34:16+01:00,0.0,0.0,0.0,0.0,0.0,0.0,0.0,0.0,0.0,2020.0000000186265,11.999999998806743,0.0,0.0,0.0,0.0,143.00000001094304,260.999999998603,0.0,0.0,117.99999999857391,712.9999999888241,0.0,0.0,8.999999998195563,6994.999999995343,0.0,185.99999998696148,0.0,1.0000000002037268,0.0,0.0,88.99999997811392,0.0,36.00000002188608,0.0,55.00000000029104,0.0,402.9999999329448,141.00000000325963,0.0,259.0000000782311,0.0,0.0,1.9999999999527063,1.9999999999527063,0.0,0.0,0.0,0.0,0.0,0.0,0.0,0.0,256.00000005215406,0.0,0.0,0.0,0.0,0.0,0.0,581.0000000055879,0.0,5283.000000072207,7016.999999992549,12256.000000070344
2021-12-16 22:34:24+01:00,0.0,0.0,0.0,0.0,0.0,0.0,0.0,0.0,0.0,2021.999999997206,10.999999998603016,0.0,0.0,0.0,0.0,144.00000000023283,263.0000000062864,0.0,0.0,119.99999999898137,712.000000057742,0.0,0.0,9.99999999839929,6967.999999993481,0.0,189.99999994412065,0.0,1.0000000002037268,0.0,0.0,88.99999997811392,0.0,34.99999997438863,0.0,55.00000000029104,0.0,404.00000009685755,140.00000001396984,0.0,259.0000000782311,0.0,0.0,0.9999999999763531,1.9999999999527063,0.0,0.0,0.0,0.0,0.0,0.0,0.0,0.0,256.00000005215406,0.0,0.0,0.0,0.0,0.0,0.0,596.9999999506399,0.0,5309.000000146398,6990.999999990663,12254.000000142696
2021-12-16 22:34:32+01:00,0.0,0.0,0.0,0.0,0.0,0.0,0.0,0.0,0.0,2021.999999997206,10.999999998603016,0.0,0.0,0.0,0.0,143.00000001094304,261.9999999878928,0.0,0.0,117.99999999857391,712.9999999888241,0.0,0.0,9.99999999839929,6981.999999959953,0.0,185.99999998696148,0.0,1.9999999999527063,0.0,0.0,90.00000002561137,0.0,36.00000002188608,0.0,55.00000000029104,0.0,404.00000009685755,140.00000001396984,0.0,260.0000000093132,0.0,0.0,1.9999999999527063,0.9999999999763531,0.0,0.0,0.0,0.0,0.0,0.0,0.0,0.0,258.00000003073364,0.0,0.0,0.0,0.0,0.0,0.0,618.9999999478459,0.0,5328.000000113889,7003.999999956932,12288.000000076863
2021-12-16 22:34:40+01:00,0.0,0.0,0.0,0.0,0.0,0.0,0.0,0.0,0.0,2023.0000000447035,10.999999998603016,0.0,0.0,0.0,0.0,144.00000000023283,261.9999999878928,0.0,0.0,117.99999999857391,712.000000057742,0.0,0.0,8.999999998195563,6974.000000045635,0.0,185.00000005587935,0.0,1.0000000002037268,0.0,0.0,90.00000002561137,0.0,34.99999997438863,0.0,55.00000000029104,0.0,402.00000000186265,140.00000001396984,0.0,259.0000000782311,0.0,0.0,1.9999999999527063,1.9999999999527063,0.0,0.0,0.0,0.0,0.0,0.0,0.0,0.0,256.00000005215406,0.0,0.0,0.0,0.0,0.0,0.0,618.0000000167638,0.0,5320.000000305299,6995.000000042637,12273.000000353932
2021-12-16 22:34:48+01:00,0.0,0.0,0.0,0.0,0.0,0.0,0.0,0.0,0.0,1579.0000000270084,10.999999998603016,0.0,0.0,0.0,0.0,143.00000001094304,260.999999998603,0.0,0.0,117.99999999857391,712.000000057742,0.0,0.0,9.99999999839929,6964.999999967404,0.0,189.00000001303852,0.0,1.0000000002037268,0.0,0.0,88.99999997811392,0.0,36.00000002188608,0.0,55.00000000029104,0.0,402.00000000186265,139.00000002468005,0.0,259.0000000782311,0.0,0.0,1.9999999999527063,1.9999999999527063,0.0,0.0,0.0,0.0,0.0,0.0,0.0,0.0,256.9999999832362,0.0,0.0,0.0,0.0,0.0,0.0,618.0000000167638,0.0,4879.00000020818,6986.99999996461,11822.000000178377
2021-12-16 22:34:56+01:00,0.0,0.0,0.0,0.0,0.0,0.0,0.0,0.0,,,,,0.0,0.0,,,,,,,,,,,,,,,,,,,,,,,,,,,,,,,,,0.0,0.0,0.0,0.0,0.0,0.0,,,0.0,0.0,0.0,0.0,0.0,0.0,,,0.0,0.0,0.0
2021-12-16 22:35:04+01:00,0.0,0.0,0.0,0.0,0.0,0.0,0.0,0.0,,,,,0.0,0.0,,,,,,,,,,,,,,,,,,,,,,,,,,,,,,,,,0.0,0.0,0.0,0.0,0.0,0.0,,,0.0,0.0,0.0,0.0,0.0,0.0,,,0.0,0.0,0.0
2021-12-16 22:35:12+01:00,0.0,0.0,0.0,0.0,0.0,0.0,0.0,0.0,,,,,0.0,0.0,,,,,,,,,,,,,,,,,,,,,,,,,,,,,,,,,0.0,0.0,0.0,0.0,0.0,0.0,,,0.0,0.0,0.0,0.0,0.0,0.0,,,0.0,0.0,0.0
2021-12-16 22:35:20+01:00,0.0,0.0,0.0,0.0,0.0,0.0,0.0,0.0,,,,,0.0,0.0,,,,,,,,,,,,,,,,,,,,,,,,,,,,,,,,,0.0,0.0,0.0,0.0,0.0,0.0,,,0.0,0.0,0.0,0.0,0.0,0.0,,,0.0,0.0,0.0
2021-12-16 22:35:28+01:00,0.0,0.0,0.0,0.0,0.0,0.0,0.0,0.0,,,,,0.0,0.0,,,,,,,,,,,,,,,,,,,,,,,,,,,,,,,,,0.0,0.0,0.0,0.0,0.0,0.0,,,0.0,0.0,0.0,0.0,0.0,0.0,,,0.0,0.0,0.0
2021-12-16 22:35:36+01:00,0.0,0.0,0.0,0.0,0.0,0.0,0.0,0.0,,,,,0.0,0.0,,,,,,,,,,,,,,,,,,,,,,,,,,,,,,,,,0.0,0.0,0.0,0.0,0.0,0.0,,,0.0,0.0,0.0,0.0,0.0,0.0,,,0.0,0.0,0.0
2021-12-16 22:35:44+01:00,0.0,0.0,0.0,0.0,0.0,0.0,0.0,0.0,,,,,0.0,0.0,,,,,,,,,,,,,,,,,,,,,,,,,,,,,,,,,0.0,0.0,0.0,0.0,0.0,0.0,,,0.0,0.0,0.0,0.0,0.0,0.0,,,0.0,0.0,0.0
2021-12-16 22:35:52+01:00,0.0,0.0,0.0,0.0,0.0,0.0,0.0,0.0,,,,,0.0,0.0,,,,,,,,,,,,,,,,,,,,,,,,,,,,,,,,,0.0,0.0,0.0,0.0,0.0,0.0,,,0.0,0.0,0.0,0.0,0.0,0.0,,,0.0,0.0,0.0
